archetype,p_kill_gate_A,p_kill_gate_B,p_launch_no_traction,p_traction_100_to_1000,p_traction_1000_plus,p_traction_but_killed,hours_if_kill_A,hours_if_kill_B,hours_if_launch_no_traction,rev_median_traction_100_to_1000,rev_median_traction_1000_plus
physics_random_duel,0.43749,0.43244,0.10706,0.0209,0.00212,0.0055,30.01857,85.76021,173.064,10481.43225,126080.21189
head_sports,0.43305,0.42774,0.10526,0.03086,0.0031,0.00803,35.15278,100.38546,187.85945,15314.80449,177684.92453
coop_duo_puzzle,0.43074,0.42577,0.10457,0.03538,0.00355,0.00946,40.24829,115.14386,235.46459,7122.57891,82219.83473
bike_trials,0.42207,0.41892,0.10291,0.05094,0.00516,0.0132,45.40724,129.79462,245.12255,9579.78786,113062.34795
ragdoll_gore_course,0.42263,0.42063,0.10258,0.04927,0.00489,0.01303,35.14531,100.41685,187.70469,9514.695,106755.57854
troll_platformer,0.42894,0.42441,0.10394,0.03887,0.00384,0.01035,27.10027,77.45201,164.76887,7467.08318,86169.86781
endless_runner,0.41635,0.41501,0.10064,0.0619,0.0061,0.01605,35.14805,100.41751,200.21891,15525.37208,171893.05567
precision_platformer,0.41617,0.41597,0.10115,0.06069,0.00602,0.01592,45.38553,129.62494,245.08283,7573.5231,86864.12485
rhythm_auto_runner,0.4347,0.42908,0.1057,0.02772,0.00279,0.00737,40.23643,115.15246,230.58979,7025.69522,85753.9182
stickman_swing,0.428,0.4229,0.10384,0.0411,0.00416,0.01078,30.00312,85.68787,173.16641,8910.78673,102477.3373
io_eat_grow,0.4273,0.42204,0.10344,0.043,0.00421,0.01134,35.13647,100.37916,187.67876,9454.28962,105658.79625
io_territory,0.42917,0.42471,0.1042,0.03813,0.00379,0.00989,40.26294,115.06992,202.59084,10346.43244,119555.70997
io_arena_shooter,0.44106,0.43394,0.10788,0.01561,0.00151,0.00402,125.89209,360.07404,650.88442,13203.38293,151087.13467
sandbox_voxel,0.4419,0.4334,0.10786,0.01533,0.00152,0.004,168.36799,481.11256,772.94067,9603.19112,113116.36171
kart_battle,0.43534,0.42961,0.10579,0.02667,0.0026,0.00702,60.01209,171.51555,316.70598,15547.29666,178678.92682
tank_maze_duel,0.43955,0.43203,0.10739,0.01914,0.00188,0.005,35.11388,100.44854,187.67044,10625.36838,120672.08787
bomberman,0.43724,0.43062,0.10602,0.02376,0.00236,0.00617,40.2908,115.07189,202.34599,10135.73729,111445.09428
tower_defense,0.43765,0.43084,0.10643,0.02283,0.00225,0.00594,98.1145,280.51568,521.40336,8970.81918,109532.09283
gold_miner_claw,0.42513,0.42164,0.10322,0.0455,0.00451,0.01194,22.68893,64.86235,137.58824,9405.82371,109477.74449
fishing_timing,0.43749,0.43174,0.10697,0.02164,0.00216,0.00571,49.80497,142.26353,292.84255,9455.86348,108884.55659
launch_distance,0.42093,0.41742,0.10173,0.05445,0.00546,0.01419,22.69038,64.82382,142.53089,9751.72912,113000.31448
train_and_race,0.44248,0.43515,0.10788,0.01318,0.00131,0.00341,43.20074,123.43822,244.07143,9168.84928,106246.20746
time_mgmt_cooking,0.43696,0.43055,0.10665,0.0235,0.00235,0.00628,74.71873,213.50693,393.8623,8783.13456,99026.12199
idle_clicker,0.43918,0.43294,0.10696,0.01904,0.00187,0.00491,35.17601,100.44645,230.83842,9810.48675,112770.02169
merge_drop,0.44034,0.4331,0.10734,0.01748,0.00174,0.00459,22.7078,64.82193,123.11209,10586.49166,116546.65907
classic_board_card,0.42821,0.42429,0.10444,0.03914,0.00392,0.0102,30.76313,87.81706,146.14387,10840.00068,122136.18726
fruit_slice,0.44369,0.43563,0.1083,0.01128,0.00111,0.0029,22.67772,64.87002,137.69008,8890.83123,100723.38912
physics_destruction,0.42523,0.42225,0.10335,0.04474,0.00443,0.01159,30.01829,85.76032,173.16285,9336.86483,108275.95477
draw_guess_party,0.43734,0.43069,0.10708,0.02258,0.0023,0.00574,49.80489,142.20354,229.60036,10685.58253,121074.65409
hide_seek_prop,0.4404,0.43246,0.10702,0.0183,0.00181,0.00479,49.76596,142.19223,257.62567,10573.66956,118491.13765
tag_arena,0.43692,0.43001,0.10641,0.02425,0.00242,0.00639,27.08819,77.34922,164.74693,10965.67822,123799.16058
car_stunt_drift,0.43872,0.43188,0.107,0.02032,0.00208,0.00535,87.88507,251.27463,456.77421,14454.31099,168876.89583
parking_traffic_puzzle,0.43799,0.43229,0.10714,0.02059,0.00199,0.00542,35.13428,100.49665,173.29833,15048.91379,168040.79118
pool_billiards,0.4345,0.42855,0.10556,0.02852,0.00287,0.00732,49.78648,142.22116,229.58516,15641.02831,179699.41394
mini_golf,0.43339,0.42751,0.10501,0.03099,0.0031,0.0081,46.12802,131.77702,247.05359,15045.52005,171519.95012
penalty_freekick,0.42678,0.42203,0.10354,0.04326,0.00438,0.01142,30.04015,85.77812,173.13489,15604.88667,174215.39957
racket_duel,0.4336,0.42723,0.10598,0.03021,0.00298,0.00791,35.13989,100.46645,187.88998,15554.43822,183704.05268
stickman_brawler,0.44082,0.43255,0.10741,0.01753,0.00169,0.00453,89.37455,255.22107,460.73893,10140.32223,114793.94216
run_gun_coop,0.43969,0.43304,0.10717,0.01829,0.00181,0.00481,146.35238,418.30921,708.90328,15823.87522,182944.63503
stealth_heist,0.44371,0.43509,0.10751,0.01254,0.00115,0.00331,60.04092,171.55142,316.75403,8886.21432,103993.73507
upgrade_drive_zombies,0.44161,0.43222,0.10763,0.01687,0.00167,0.00442,49.78253,142.28986,275.07867,9542.12695,113702.57122
artillery_turn,0.43379,0.42904,0.10616,0.02819,0.00282,0.00745,43.21606,123.40614,223.28561,10345.58342,120927.96155
dress_up_makeover,0.4149,0.4125,0.10027,0.06578,0.00655,0.01716,65.90619,188.26902,416.12399,7135.90005,82094.60685
horror_escape,0.44501,0.4368,0.1089,0.00843,0.00085,0.00225,99.58109,284.53222,502.79828,7653.79105,91674.67679
minigame_collection,0.43941,0.43225,0.10697,0.01945,0.00192,0.00505,70.28103,200.759,351.5724,12360.32084,144699.32267
rhythm_music,0.4278,0.42297,0.10398,0.04105,0.00418,0.01077,68.8549,196.57084,372.03076,15418.78642,174694.88006
helix_stack_tap,0.44218,0.43436,0.10788,0.01416,0.00141,0.00375,18.29261,52.31932,110.53603,8490.06579,101730.16174
