hour_budget,top_k,projects_started_mean,hours_used_mean,cash_mean,p_at_least_one_traction,revenue_mean,revenue_p50,revenue_p90,revenue_p99,profit_at_wage_mean,profit_at_wage_p50,p_profit_gt0,p_cash_recovered
200,1,1.0,103,166,0.069,4507,0,244,70642,2274,-1386,0.054,0.098
200,3,2.54,226,417,0.148,8756,0,9779,142908,3818,-3968,0.108,0.197
200,6,3.3,283,540,0.179,10511,0,12923,164809,4306,-5048,0.126,0.235
400,1,1.0,103,166,0.069,4507,0,244,70642,2274,-1386,0.054,0.098
400,3,2.89,253,474,0.163,9736,0,11807,160400,4206,-3992,0.111,0.202
400,6,5.01,423,815,0.238,14022,62,20008,222670,4756,-8008,0.152,0.278
800,1,1.0,103,166,0.069,4507,0,244,70642,2274,-1386,0.054,0.098
800,3,3.0,262,492,0.163,10109,0,12200,166117,4369,-4013,0.109,0.202
800,6,5.91,502,962,0.248,16358,73,23997,260126,5358,-8290,0.137,0.284
