archetype,zh,eligible,screen_fail,web_share_pct,brand_dependence,momentum,roblox_ccu_direct,roblox_n_ccu_1000,roblox_new_traction_12m,roblox_attempts,roblox_graveyard,bucket_web,bucket_rbx,bucket_crowd,bucket_leaders,fit_penalties,genre,genre_index,genre_top_earners,mvp_h_likely,launch_h,p_traction_mean,p_traction_p05,p_traction_p95,rev_if_traction_median,E_revenue,E_hours_staged,hours_to_metrics_gate,E_hours_commit,E_cash,net_usd_per_hour_mean,net_usd_per_hour_p05,net_usd_per_hour_p50,net_usd_per_hour_p95,p_worlds_beating_wage,E_profit_at_wage,V_risk_adj_staged,V_risk_adj_commit,value_of_staging,p_profit_gt0,p_rev_ge_10k,profit_p05,profit_p50,profit_p95,profit_p99,p_rank1,p_top3
endless_runner,三车道无尽跑酷(Subway Surfers/Temple Run),yes,,5.464,0.57,0.35,11179,4,5,30,12,high,proven_open,contested,ok,,Sports & Racing,1.39,16,70,70,0.084,0.0179,0.2099,15455,4266,103.1,73.2,216.4,165,37.01,1.55,22.06,117.23,0.533,2039,356,-2711,3067,0.0542,0.0477,-4240,-1370,1617,59212,0.313,0.577
penalty_freekick,点球/任意球(Penalty Shooters/Free Kick),yes,,1.235,0.37,0.35,4963,1,2,15,2,mid,live_open,few,strong,,Sports & Racing,1.39,16,60,60,0.059,0.0122,0.1512,15608,3143,84.3,62.0,184.4,162,32.91,1.07,17.61,107.92,0.477,1294,-182,-3033,2851,0.0403,0.0339,-3664,-1231,-259,41038,0.187,0.465
launch_distance,发射飞行+升级(Learn to Fly/Burrito Bison/Dolphin Olympics),yes,,1.259,0.38,0.26,51426,4,9,52,15,high,proven_open,contested,strong,,Incremental Simulator,0.85,72,45,50,0.0741,0.0161,0.1832,9292,2426,74.0,47.1,160.4,164,27.89,0.33,14.38,93.08,0.418,781,-435,-3124,2689,0.0389,0.0321,-3163,-999,-195,30176,0.105,0.323
gold_miner_claw,摆钩抓取时机(黄金矿工/Claw),yes,,0.245,0.4,0.47,2294,0,2,13,5,low,live_open,none,ok,,Incremental Simulator,0.85,72,45,50,0.0621,0.0138,0.1507,9479,2046,66.1,46.9,147.5,163,26.26,-0.22,13.45,81.42,0.39,562,-622,-3247,2626,0.0367,0.0261,-3006,-993,-200,24818,0.08,0.247
head_sports,大头体育对战(Head Soccer/Basketball Stars),yes,,1.102,0.74,1.39,973,0,1,6,3,mid,live_open,none,strong,solo,Sports & Racing,1.39,16,70,60,0.0418,0.0084,0.1078,15065,2158,90.8,72.2,195.8,161,20.91,-0.01,11.65,74.55,0.34,181,-1513,-4870,3358,0.0282,0.0237,-4061,-1415,-345,25663,0.033,0.158
racket_duel,火柴人羽毛球/乒乓/网球对打,yes,,0.753,0.27,0.48,7961,2,1,19,6,mid,live_open,few,strong,solo,Sports & Racing,1.39,16,70,60,0.0413,0.0082,0.1066,15176,2140,90.7,72.1,195.6,160,20.68,-0.19,10.59,80.62,0.3,167,-1528,-4813,3285,0.0275,0.0235,-4079,-1433,-348,25426,0.042,0.15
physics_destruction,物理爆破/攻城(高楼爆破/Crush the Castle/星球毁灭),yes,,1.089,0.3,0.98,29269,5,6,102,34,mid,proven_open,contested,strong,,Incremental Simulator,0.85,72,60,60,0.0608,0.0124,0.1576,9337,1945,84.8,62.1,184.7,163,19.56,-0.42,11.14,70.22,0.308,86,-1431,-4779,3348,0.0321,0.0256,-3811,-1263,-284,22836,0.038,0.133
ragdoll_gore_course,布娃娃自残/受伤闯关(Happy Wheels/Short Life),yes,,1.239,0.27,0.05,47358,4,4,66,22,mid,proven_open,contested,weak,,Simulation,0.85,189,70,60,0.0672,0.0146,0.1714,9234,2058,96.9,72.8,200.6,164,18.43,0.21,10.75,61.78,0.292,-43,-1758,-5237,3480,0.035,0.0285,-4176,-1430,-320,24849,0.032,0.122
stickman_swing,荡绳/抓钩过关(Stickman Hook),yes,,1.24,0.91,0.38,22173,4,12,89,25,mid,proven_open,contested,ok,,Tycoon,0.81,75,60,60,0.0564,0.0109,0.1387,8917,1681,83.6,61.9,183.8,162,16.9,-0.78,9.47,55.95,0.272,-153,-1674,-5121,3447,0.0288,0.0228,-3800,-1270,-296,18810,0.025,0.092
io_eat_grow,吞噬成长竞技场(agar/slither/hole.io/大鱼吃小鱼),yes,,2.098,0.12,0.49,12243,4,8,111,36,high,proven_open,contested,ok,solo,Incremental Simulator,0.85,72,70,60,0.0585,0.0109,0.1487,9747,1769,94.7,72.5,198.9,162,15.87,-0.5,8.68,58.09,0.253,-287,-2004,-5553,3549,0.0305,0.0247,-4170,-1436,-337,20126,0.008,0.07
mini_golf,迷你高尔夫,yes,,0.18,0.77,0.0,1120,0,2,10,1,low,live_open,none,ok,,Sports & Racing,1.39,16,90,80,0.0423,0.0082,0.1105,15179,2102,118.9,94.6,257.3,161,15.49,-0.2,8.76,55.08,0.243,-436,-2633,-7279,4646,0.0253,0.0239,-5324,-1808,-467,23371,0.013,0.075
pool_billiards,台球(8 Ball Pool/彩8对战),yes,,0.673,0.3,0.42,5022,1,3,7,1,mid,proven_open,few,weak,"solo,s10,rep",Sports & Racing,1.39,16,100,60,0.0389,0.0078,0.1013,15170,2102,120.0,102.1,237.0,160,15.46,-0.23,7.21,62.76,0.242,-459,-2736,-6570,3833,0.0245,0.0218,-5231,-1945,-512,22693,0.017,0.068
bike_trials,物理越野摩托关卡(Moto X3M),yes,,2.895,0.23,0.22,22948,5,5,15,0,high,proven_open,contested,ok,,Incremental Simulator,0.85,72,90,80,0.0691,0.0144,0.1634,9251,2232,126.0,94.2,261.8,164,15.32,-0.1,8.74,57.53,0.228,-451,-2662,-7407,4745,0.0312,0.0298,-5462,-1814,-431,22921,0.013,0.047
io_territory,圈地/占领(paper.io/Hexanaut/领地之争),yes,,0.533,0.22,0.63,981,0,1,11,3,low,live_open,none,weak,solo,Party & Casual,0.96,9,80,60,0.0518,0.0111,0.1317,10585,1810,103.8,83.0,212.3,162,15.07,-0.35,7.92,57.3,0.238,-428,-2345,-6025,3681,0.0279,0.0234,-4551,-1614,-394,19659,0.018,0.067
precision_platformer,竞速/精准平台(Vex/OvO/Run 3),yes,,2.324,0.46,0.15,69084,5,17,120,48,high,proven_open,contested,weak,,Obby & Platformer,0.65,4,90,80,0.0826,0.0176,0.2102,7208,2175,130.0,94.6,264.9,165,14.17,-0.14,7.63,50.72,0.2,-590,-2837,-7582,4745,0.031,0.0299,-5617,-1842,-430,22533,0.005,0.04
rhythm_music,音游(FNF/钢琴块),yes,,0.368,0.38,0.07,10664,3,3,46,14,low,proven_open,contested,weak,,Entertainment,1.4,2,140,120,0.0559,0.0114,0.1299,15552,2904,186.2,141.9,394.6,162,13.97,0.2,7.76,48.04,0.218,-982,-4256,-11403,7147,0.0258,0.0318,-8073,-2661,-694,30611,0.017,0.05
parking_traffic_puzzle,停车/交通疏导(Parking Fury/Traffic Jam),yes,,0.182,0.42,0.0,490,0,0,4,1,low,thin,none,weak,s10,Vehicle Sim,1.27,26,70,50,0.028,0.005,0.0681,14589,1378,84.9,71.9,177.7,159,13.76,-0.77,6.19,55.53,0.213,-479,-2158,-5202,3044,0.0193,0.0154,-3893,-1447,-368,13700,0.017,0.06
troll_platformer,陷阱/坑人平台(Level Devil/Only Up/Getting Over It),yes,,1.176,0.55,0.53,60948,12,23,85,12,mid,proven_open,crowded,ok,,Obby & Platformer,0.65,4,55,60,0.053,0.0109,0.1353,7350,1296,76.8,55.8,174.9,162,13.67,-1.05,6.83,50.12,0.21,-402,-1826,-5345,3519,0.0245,0.0189,-3644,-1180,-274,13145,0.003,0.028
tag_arena,小场地追逐抓人(Tag),yes,,0.626,1.0,13.23,50900,9,21,77,27,mid,proven_open,crowded,ok,solo,Party & Casual,0.96,9,55,60,0.0331,0.0066,0.0799,11099,1197,72.1,55.4,171.1,160,13.56,-1.26,6.77,48.77,0.225,-405,-1806,-5241,3435,0.0195,0.0155,-3533,-1178,-283,10372,0.015,0.062
merge_drop,合成掉落(Suika/2048/合成),yes,,1.227,0.24,0.97,334,0,2,16,7,mid,tried_and_died,none,ok,,Puzzle,0.94,1,45,40,0.0239,0.0045,0.0597,10487,826,56.1,46.3,126.1,159,11.38,-1.99,4.97,47.47,0.175,-454,-1617,-4057,2441,0.0164,0.0109,-2768,-1007,-240,6388,0.003,0.03
physics_random_duel,随机物理双人对战(Basket/Soccer Random),yes,,0.791,0.33,0.42,39,0,0,1,0,mid,untested,none,na,solo,Party & Casual,0.96,9,60,60,0.0284,0.0058,0.0712,10672,1030,77.1,61.4,178.6,159,10.74,-1.2,5.27,42.27,0.165,-672,-2196,-5811,3616,0.0164,0.013,-3740,-1282,-325,6418,0.007,0.028
artillery_turn,回合抛物线对轰(Raft Wars/Worms/弹弹堂式),yes,,0.652,0.31,0.14,2688,1,1,8,4,mid,live_open,few,ok,solo,Party & Casual,0.96,9,85,70,0.0384,0.0075,0.0951,10669,1360,108.3,88.6,230.7,160,10.56,-0.69,5.44,39.07,0.155,-966,-3039,-7384,4345,0.0201,0.0173,-4945,-1750,-452,12075,0.002,0.017
kart_battle,卡丁车道具乱斗(Smash Karts),yes,,0.335,0.48,0.15,764,0,3,12,1,low,live_open,none,ok,solo,Sports & Racing,1.39,16,120,100,0.0361,0.0076,0.0847,15432,1835,151.9,123.0,328.6,160,10.47,-0.32,5.63,36.53,0.142,-1364,-4203,-10423,6221,0.0188,0.0205,-6838,-2341,-637,15363,0.002,0.015
bomberman,炸弹人迷宫(Q版泡泡堂/Bomb It/Playing With Fire),yes,,0.642,0.54,0.55,500,0,0,3,0,mid,thin,none,ok,solo,Battlegrounds & Fighting,0.95,43,80,60,0.0323,0.0067,0.0822,10219,1110,98.9,82.4,208.6,159,9.19,-0.95,4.04,38.01,0.128,-1027,-2957,-6886,3929,0.0174,0.0144,-4547,-1634,-425,7890,0.0,0.013
tank_maze_duel,迷宫坦克弹射对战(坦克动荡/Tank Trouble),yes,,0.384,0.4,0.54,472,0,0,4,1,low,thin,none,ok,solo,Party & Casual,0.96,9,70,60,0.0261,0.0054,0.0659,11148,939,87.0,71.7,192.7,159,8.58,-1.16,4.18,31.05,0.115,-959,-2686,-6501,3815,0.0147,0.0119,-4131,-1455,-379,5696,0.0,0.015
helix_stack_tap,超休闲单指反应(Helix Jump/Stack/Flappy),yes,,0.269,0.5,0.31,175,0,1,10,4,low,tried_and_died,none,ok,,Tycoon,0.81,75,35,40,0.0195,0.0036,0.0506,9019,562,46.5,37.3,113.0,158,8.28,-2.68,2.71,35.95,0.13,-525,-1520,-3940,2420,0.0127,0.0076,-2459,-865,-195,1976,0.002,0.02
coop_duo_puzzle,双人合作解谜平台(森林冰火人),yes,,2.035,0.18,1.42,52448,13,17,146,34,high,proven_open,crowded,ok,solo,Obby & Platformer,0.65,4,80,80,0.0483,0.01,0.1133,7202,1145,112.6,82.9,250.9,161,8.15,-0.75,4.56,29.1,0.093,-1268,-3351,-8516,5165,0.0155,0.0166,-5298,-1664,-431,6394,0.003,0.008
dress_up_makeover,换装/化妆/美甲,yes,,1.351,0.23,2.17,90362,7,17,78,14,high,proven_open,contested,ok,,Obby & Platformer,0.65,4,130,150,0.0898,0.0203,0.2154,7265,2120,223.1,137.4,473.7,166,8.06,0.1,4.54,29.17,0.097,-2507,-6295,-15602,9307,0.0152,0.031,-10871,-2758,-728,9686,0.0,0.01
rhythm_auto_runner,节奏自动跑酷(Geometry Dash),yes,,0.593,0.63,0.04,4737,2,0,10,3,mid,live_entrenched,few,weak,,Obby & Platformer,0.65,4,80,80,0.0379,0.0073,0.0919,7163,903,105.6,82.6,239.6,160,6.66,-1.04,2.98,26.37,0.075,-1369,-3407,-8498,5091,0.0138,0.0129,-5109,-1665,-434,4138,0.0,0.0
idle_clicker,放置/点击增量(Cookie Clicker/Idle Breakout),yes,,1.592,0.27,0.09,305999,30,34,158,30,high,proven_open,crowded,strong,"s10,rep",Incremental Simulator,0.85,72,70,80,0.0258,0.0051,0.0642,9465,814,98.5,71.8,243.3,159,6.13,-1.21,2.46,25.7,0.09,-1314,-3198,-8652,5454,0.009,0.0112,-4968,-1492,-394,-220,0.0,0.002
fishing_timing,钓鱼升级(Tiny Fishing),yes,,0.51,0.77,0.03,134783,14,32,113,30,low,proven_open,crowded,ok,,Incremental Simulator,0.85,72,100,100,0.0296,0.0051,0.074,9154,950,131.0,101.8,304.6,159,5.65,-0.83,2.42,24.68,0.062,-1830,-4343,-10899,6556,0.0102,0.0125,-6357,-2037,-560,46,0.0,0.0
hide_seek_prop,躲猫猫/变身道具(Hide Online/Prop Hunt),yes,,0.46,0.41,0.89,50917,12,15,80,26,low,proven_open,crowded,ok,"solo,grief",Party & Casual,0.96,9,100,80,0.0248,0.0046,0.0682,10611,867,121.0,101.5,263.6,159,5.61,-0.9,2.39,22.38,0.063,-1711,-4096,-9392,5296,0.0119,0.0114,-5656,-1998,-555,2530,0.0,0.003
fruit_slice,切割手感(切水果/Slice Master),yes,,0.702,0.86,0.24,441,0,0,13,3,mid,tried_and_died,none,ok,,Tycoon,0.81,75,45,50,0.0154,0.0029,0.039,9175,480,56.9,46.1,140.0,158,5.45,-2.36,1.74,26.33,0.072,-816,-2022,-5129,3107,0.0093,0.0062,-2995,-1019,-250,-129,0.0,0.002
minigame_collection,双人/多人小游戏合集(MiniBattles/2-3-4 Player),yes,,0.053,1.0,0.0,9461,3,6,29,7,low,proven_open,contested,ok,solo,Action,1.08,68,140,100,0.0264,0.0049,0.067,11916,1111,171.3,143.4,361.9,159,5.27,-0.61,2.29,20.39,0.053,-2474,-5781,-12880,7099,0.0106,0.0134,-7824,-2730,-774,1381,0.0,0.0
upgrade_drive_zombies,升级载具冲关(Earn to Die),yes,,0.155,0.97,0.0,12671,1,0,4,1,low,live_entrenched,few,strong,,Incremental Simulator,0.85,72,100,90,0.0232,0.0044,0.0601,9410,731,124.1,101.4,282.5,158,4.38,-0.94,1.76,17.24,0.038,-1909,-4356,-10381,6025,0.009,0.0098,-5964,-2016,-565,-311,0.0,0.002
train_and_race,养成训练→比赛(Duck Life),yes,,0.24,0.96,0.0,137740,7,17,35,9,low,proven_open,contested,strong,"s10,rep",Incremental Simulator,0.85,72,85,80,0.0179,0.0031,0.0458,9680,574,107.3,87.9,249.6,158,3.7,-1.19,1.18,16.43,0.038,-1730,-3885,-9307,5422,0.0072,0.0075,-5292,-1766,-486,-311,0.0,0.0
time_mgmt_cooking,订单制作/时间管理(老爹系列/烹饪),yes,,3.159,0.21,0.25,71854,17,13,160,49,high,proven_open,crowded,strong,"s10,rep",Tycoon,0.81,75,150,120,0.0323,0.0061,0.0813,9075,900,189.2,152.8,409.5,160,3.7,-0.58,1.82,15.01,0.032,-3043,-6671,-15104,8433,0.0082,0.0129,-8781,-2958,-853,-511,0.0,0.002
stealth_heist,潜行偷盗(Bob the Robber),yes,,0.172,0.38,0.0,1734202,21,57,181,29,low,proven_open,crowded,strong,"s10,rep",Tycoon,0.81,75,120,100,0.017,0.0031,0.0432,8794,499,144.0,122.0,322.5,158,2.28,-0.93,0.75,10.45,0.012,-2539,-5428,-12312,6885,0.0059,0.0069,-6917,-2386,-684,-451,0.0,0.0
classic_board_card,棋牌/连连看/泡泡龙/麻将(传统休闲),no,audience mismatch,8.621,0.17,2.51,40366,12,18,99,28,high,proven_open,crowded,ok,s10,Puzzle,0.94,1,60,40,0.0531,0.0115,0.1297,11078,1884,77.5,63.4,152.9,162,21.07,-0.55,11.01,78.26,0.335,172,-1287,-3666,2379,0.0346,0.0248,-3429,-1238,-269,23930,0,0
draw_guess_party,你画我猜(skribbl/Draw This),no,griefing/moderation,0.079,0.75,1.28,21491,6,18,60,7,low,proven_open,contested,weak,"solo,s10",Party & Casual,0.96,9,100,60,0.0305,0.0056,0.0806,10749,1143,118.1,101.8,235.5,159,7.97,-0.8,3.67,29.46,0.095,-1379,-3689,-7936,4247,0.0163,0.0142,-5261,-1981,-542,8322,0,0
car_stunt_drift,开放场地飙车/漂移/特技(Madalin/Drift Hunters/3D飙车),no,MVP > 160 h,2.749,0.13,0.91,139992,27,20,116,21,high,proven_open,crowded,strong,"rep,touch",Vehicle Sim,1.27,26,180,140,0.0277,0.0052,0.0689,14314,1358,216.9,179.6,470.2,159,5.28,-0.35,2.62,19.54,0.048,-3140,-7283,-16752,9469,0.0105,0.0153,-9937,-3375,-982,817,0,0
run_gun_coop,横版闯关射击/动作RPG(战火英雄/二战前线/勇者之路/造梦),no,MVP > 160 h; not graspable in 5 s,2.802,0.14,0.51,0,0,0,0,0,high,untested,none,na,"rep,touch",Action RPG,1.4,38,300,200,0.0251,0.0047,0.066,16046,1359,348.5,298.7,725.1,159,3.33,-0.27,1.64,11.4,0.023,-5771,-12492,-26762,14271,0.0074,0.0144,-15693,-5568,-1693,-1085,0,0
stickman_brawler,横版格斗/火柴人乱斗(死神VS火影/拳皇wing/Supreme Duelist),no,MVP > 160 h,2.531,0.22,0.81,72799,8,5,71,17,high,proven_open,crowded,ok,"solo,grief,touch",Battlegrounds & Fighting,0.95,43,180,140,0.0238,0.0044,0.0625,9915,829,217.3,182.1,472.3,158,2.95,-0.53,1.24,12.29,0.022,-3676,-7916,-17711,9795,0.0067,0.0106,-10131,-3476,-1032,-677,0,0
tower_defense,塔防/植物大战僵尸,no,MVP > 160 h,1.824,0.34,0.55,70467,17,18,79,13,high,proven_open,crowded,strong,"s10,rep",Tower Defense,0.81,22,200,160,0.0313,0.0063,0.0767,8860,938,248.3,200.7,541.1,159,2.93,-0.45,1.28,10.09,0.018,-4188,-8960,-20290,11330,0.006,0.0128,-11676,-3848,-1140,-767,0,0
io_arena_shooter,网页FPS/建造对枪/吃鸡(Shell Shockers/1v1.lol),no,MVP > 160 h,2.845,0.16,0.46,331084,21,30,80,9,high,proven_open,crowded,strong,"solo,grief,touch",Shooter,1.23,26,260,200,0.0213,0.0037,0.0541,13776,961,304.0,256.7,664.3,158,2.55,-0.36,1.03,10.46,0.01,-5278,-11198,-25048,13850,0.0056,0.0112,-14177,-4818,-1452,-970,0,0
sandbox_voxel,体素沙盒/多模式(Bloxd/Miniblox/MineFun),no,MVP > 160 h; not graspable in 5 s,3.799,0.63,2.27,17445,5,5,40,4,high,proven_open,contested,ok,"s10,rep,grief,touch",Simulation,0.85,189,350,200,0.0208,0.0042,0.0527,9566,649,390.0,343.0,785.5,158,1.2,-0.3,0.46,5.02,0.002,-7310,-14998,-30509,15512,0.0035,0.0089,-17709,-6376,-1958,-1381,0,0
horror_escape,恐怖逃生,no,MVP > 160 h,0.307,0.26,0.15,92090,13,19,86,11,low,proven_open,crowded,strong,"s10,rep,touch",Survival,0.69,43,200,150,0.0115,0.0022,0.0312,7699,329,232.5,202.3,508.3,157,0.7,-0.61,-0.08,3.78,0.003,-4478,-9162,-20052,10890,0.0024,0.0042,-11058,-3840,-1161,-836,0,0
