scenario,archetype,net_usd_per_hour,base_net_usd_per_hour,V_risk_adj,base_V,is_best_in_scenario
prior P(traction) low (1%),endless_runner,11.27,37.01,-2494,356,yes
prior P(traction) low (1%),penalty_freekick,9.58,32.91,-2283,-182,
prior P(traction) low (1%),launch_distance,7.82,27.89,-1944,-435,
prior P(traction) low (1%),gold_miner_claw,6.17,26.26,-1991,-622,
prior P(traction) low (1%),head_sports,5.14,20.91,-2960,-1513,
prior P(traction) low (1%),racket_duel,5.26,20.68,-2950,-1528,
prior P(traction) low (1%),physics_destruction,5.24,19.56,-2623,-1431,
prior P(traction) low (1%),ragdoll_gore_course,5.32,18.43,-2983,-1758,
prior P(traction) high (8%),endless_runner,67.78,37.01,4427,356,yes
prior P(traction) high (8%),penalty_freekick,61.88,32.91,2747,-182,
prior P(traction) high (8%),launch_distance,48.54,27.89,1498,-435,
prior P(traction) high (8%),gold_miner_claw,49.03,26.26,1143,-622,
prior P(traction) high (8%),head_sports,43.29,20.91,738,-1513,
prior P(traction) high (8%),racket_duel,40.5,20.68,436,-1528,
prior P(traction) high (8%),physics_destruction,37.38,19.56,284,-1431,
prior P(traction) high (8%),ragdoll_gore_course,36.74,18.43,290,-1758,
small-game $ mult low (0.15),endless_runner,9.23,37.01,-2812,356,yes
small-game $ mult low (0.15),penalty_freekick,7.98,32.91,-2509,-182,
small-game $ mult low (0.15),launch_distance,5.92,27.89,-2329,-435,
small-game $ mult low (0.15),gold_miner_claw,5.34,26.26,-2189,-622,
small-game $ mult low (0.15),head_sports,4.75,20.91,-3104,-1513,
small-game $ mult low (0.15),racket_duel,4.58,20.68,-3129,-1528,
small-game $ mult low (0.15),physics_destruction,4.2,19.56,-2919,-1431,
small-game $ mult low (0.15),ragdoll_gore_course,4.25,18.43,-3322,-1758,
small-game $ mult high (1.0),endless_runner,70.78,37.01,4120,356,yes
small-game $ mult high (1.0),penalty_freekick,64.21,32.91,2687,-182,
small-game $ mult high (1.0),launch_distance,52.42,27.89,1562,-435,
small-game $ mult high (1.0),gold_miner_claw,49.78,26.26,1069,-622,
small-game $ mult high (1.0),head_sports,41.77,20.91,554,-1513,
small-game $ mult high (1.0),racket_duel,40.63,20.68,374,-1528,
small-game $ mult high (1.0),physics_destruction,39.02,19.56,404,-1431,
small-game $ mult high (1.0),ragdoll_gore_course,38.02,18.43,365,-1758,
Pareto alpha heavy tail (0.8),endless_runner,65.98,37.01,3666,356,yes
Pareto alpha heavy tail (0.8),penalty_freekick,58.8,32.91,2236,-182,
Pareto alpha heavy tail (0.8),launch_distance,46.91,27.89,1107,-435,
Pareto alpha heavy tail (0.8),gold_miner_claw,46.38,26.26,852,-622,
Pareto alpha heavy tail (0.8),head_sports,39.96,20.91,416,-1513,
Pareto alpha heavy tail (0.8),racket_duel,37.34,20.68,58,-1528,
Pareto alpha heavy tail (0.8),physics_destruction,36.13,19.56,164,-1431,
Pareto alpha heavy tail (0.8),ragdoll_gore_course,35.8,18.43,182,-1758,
Pareto alpha thin tail (1.3),endless_runner,22.13,37.01,-1281,356,yes
Pareto alpha thin tail (1.3),penalty_freekick,19.98,32.91,-1348,-182,
Pareto alpha thin tail (1.3),launch_distance,15.62,27.89,-1431,-435,
Pareto alpha thin tail (1.3),gold_miner_claw,15.01,26.26,-1423,-622,
Pareto alpha thin tail (1.3),head_sports,13.39,20.91,-2201,-1513,
Pareto alpha thin tail (1.3),racket_duel,12.33,20.68,-2330,-1528,
Pareto alpha thin tail (1.3),physics_destruction,11.91,19.56,-2098,-1431,
Pareto alpha thin tail (1.3),ragdoll_gore_course,11.84,18.43,-2385,-1758,
"hit size capped at 2,000 CCU",endless_runner,23.59,37.01,-1110,356,yes
"hit size capped at 2,000 CCU",penalty_freekick,20.75,32.91,-1272,-182,
"hit size capped at 2,000 CCU",launch_distance,16.06,27.89,-1389,-435,
"hit size capped at 2,000 CCU",gold_miner_claw,16.19,26.26,-1335,-622,
"hit size capped at 2,000 CCU",head_sports,13.9,20.91,-2149,-1513,
"hit size capped at 2,000 CCU",racket_duel,13.02,20.68,-2263,-1528,
"hit size capped at 2,000 CCU",physics_destruction,12.23,19.56,-2062,-1431,
"hit size capped at 2,000 CCU",ragdoll_gore_course,12.08,18.43,-2359,-1758,
costs x1.5,endless_runner,24.04,37.01,-1587,356,yes
costs x1.5,penalty_freekick,21.59,32.91,-1770,-182,
costs x1.5,launch_distance,17.25,27.89,-1949,-435,
costs x1.5,gold_miner_claw,16.86,26.26,-1899,-622,
costs x1.5,head_sports,14.49,20.91,-3100,-1513,
costs x1.5,racket_duel,13.57,20.68,-3285,-1528,
costs x1.5,physics_destruction,13.3,19.56,-2937,-1431,
costs x1.5,ragdoll_gore_course,13.07,18.43,-3381,-1758,
costs x0.7,endless_runner,51.52,37.01,1352,356,yes
costs x0.7,penalty_freekick,46.27,32.91,696,-182,
costs x0.7,launch_distance,36.97,27.89,160,-435,
costs x0.7,gold_miner_claw,36.13,26.26,34,-622,
costs x0.7,head_sports,31.06,20.91,-370,-1513,
costs x0.7,racket_duel,29.08,20.68,-555,-1528,
costs x0.7,physics_destruction,28.5,19.56,-426,-1431,
costs x0.7,ragdoll_gore_course,28.01,18.43,-503,-1758,
wage $0/h,endless_runner,36.06,37.01,3851,356,yes
wage $0/h,penalty_freekick,32.39,32.91,2804,-182,
wage $0/h,launch_distance,25.88,27.89,1922,-435,
wage $0/h,gold_miner_claw,25.29,26.26,1676,-622,
wage $0/h,head_sports,21.74,20.91,1979,-1513,
wage $0/h,racket_duel,20.36,20.68,1791,-1528,
wage $0/h,physics_destruction,19.95,19.56,1703,-1431,
wage $0/h,ragdoll_gore_course,19.61,18.43,1934,-1758,
wage $40/h,endless_runner,36.06,37.01,-3461,356,yes
wage $40/h,penalty_freekick,32.39,32.91,-3337,-182,
wage $40/h,launch_distance,25.88,27.89,-3307,-435,
wage $40/h,gold_miner_claw,25.29,26.26,-3130,-622,
wage $40/h,head_sports,21.74,20.91,-4824,-1513,
wage $40/h,racket_duel,20.36,20.68,-5010,-1528,
wage $40/h,physics_destruction,19.95,19.56,-4538,-1431,
wage $40/h,ragdoll_gore_course,19.61,18.43,-5215,-1758,
ignore all evidence LRs,endless_runner,18.14,37.01,-1801,356,
ignore all evidence LRs,penalty_freekick,21.93,32.91,-1233,-182,yes
ignore all evidence LRs,launch_distance,15.11,27.89,-1462,-435,
ignore all evidence LRs,gold_miner_claw,16.91,26.26,-1297,-622,
ignore all evidence LRs,head_sports,20.58,20.91,-1536,-1513,
ignore all evidence LRs,racket_duel,20.13,20.68,-1594,-1528,
ignore all evidence LRs,physics_destruction,13.36,19.56,-1981,-1431,
ignore all evidence LRs,ragdoll_gore_course,11.86,18.43,-2394,-1758,
genre monetisation index off (=1 for all),endless_runner,25.45,37.01,-941,356,
genre monetisation index off (=1 for all),penalty_freekick,22.72,32.91,-1119,-182,
genre monetisation index off (=1 for all),launch_distance,30.91,27.89,-208,-435,yes
genre monetisation index off (=1 for all),gold_miner_claw,30.26,26.26,-321,-622,
genre monetisation index off (=1 for all),head_sports,15.12,20.91,-2049,-1513,
genre monetisation index off (=1 for all),racket_duel,14.12,20.68,-2182,-1528,
genre monetisation index off (=1 for all),physics_destruction,23.86,19.56,-989,-1431,
genre monetisation index off (=1 for all),ragdoll_gore_course,23.28,18.43,-1173,-1758,
age gate: never unlocks under-16 audience,endless_runner,8.92,37.01,-2889,356,yes
age gate: never unlocks under-16 audience,penalty_freekick,7.67,32.91,-2567,-182,
age gate: never unlocks under-16 audience,launch_distance,5.6,27.89,-2385,-435,
age gate: never unlocks under-16 audience,gold_miner_claw,5.28,26.26,-2212,-622,
age gate: never unlocks under-16 audience,head_sports,4.8,20.91,-3115,-1513,
age gate: never unlocks under-16 audience,racket_duel,4.42,20.68,-3167,-1528,
age gate: never unlocks under-16 audience,physics_destruction,4.19,19.56,-2936,-1431,
age gate: never unlocks under-16 audience,ragdoll_gore_course,4.26,18.43,-3336,-1758,
US 18+ DevEx premium on 20% of spend,endless_runner,39.23,37.01,615,356,yes
US 18+ DevEx premium on 20% of spend,penalty_freekick,35.27,32.91,43,-182,
US 18+ DevEx premium on 20% of spend,launch_distance,28.24,27.89,-426,-435,
US 18+ DevEx premium on 20% of spend,gold_miner_claw,27.63,26.26,-513,-622,
US 18+ DevEx premium on 20% of spend,head_sports,23.72,20.91,-1194,-1513,
US 18+ DevEx premium on 20% of spend,racket_duel,22.22,20.68,-1394,-1528,
US 18+ DevEx premium on 20% of spend,physics_destruction,21.79,19.56,-1185,-1431,
US 18+ DevEx premium on 20% of spend,ragdoll_gore_course,21.4,18.43,-1377,-1758,
