archetype,zh,n_search_results,n_direct,n_attempts_10k_visits,ccu_direct,n_ccu_100,n_ccu_1000,top1_name,top1_ccu,top1_share,hhi,new_hits_12m,new_hits_ccu,new_entrants_12m_found,new_traction_12m,new_entrant_visits_12m,graveyard_1m_visits_dead,alive_ratio,top5_like_ratio,top5_days_since_update,top5_age_days,visits_direct,observed_genre_l1,observed_genre_l2,top5
rbx_reverse,Roblox反向移植(偷脑腐/Obby/99夜),80,0,0,0,0,0,,0,,0,0,0,0,0,0,0,,0.0,0,0,0,,,
mmo_pet_social,页游MMO/养成社区(洛克王国/赛尔号/奥比岛),0,0,0,0,0,0,,0,,0,0,0,0,0,0,0,,0.0,0,0,0,,,
physics_random_duel,随机物理双人对战(Basket/Soccer Random),528,1,1,39,0,0,2D Basketball🏀,39,1.0,1.0,0,0,0,0,0,0,0.0,0.757,23,846,29859490,Sports & Racing,Sports,2D Basketball🏀 (39 CCU; 29.9M visits; 2024-06)
head_sports,大头体育对战(Head Soccer/Basketball Stars),204,6,6,973,2,0,[RANKED] Super Head Soccer,841,0.86,0.77,1,841,3,1,116852111,3,0.333,0.916,1,330,243646557,Sports & Racing,Sports,[RANKED] Super Head Soccer (841 CCU; 115.2M visits; 2026-03) | 🏀 Basketball Stars 3 (132 CCU; 61.1M visits; 2023-12) | Head Soccer (0 CCU; 1.6M visits; 2026-04) | [🏆⚽] Head Soccer Simulator (0 CCU; 20.4M visits; 2024-01) | 🏀 Basketball Stars 2 (0 CCU; 45.3M visits; 2022-07)
coop_duo_puzzle,双人合作解谜平台(森林冰火人),295,146,146,52448,62,13,[1 & 2 PLAYER] Grapple Cart Obby,6517,0.12,0.06,15,18379,42,17,359004843,34,0.425,0.869,8,474,13400435965,Obby & Platformer,Tower Obby,"[1 & 2 PLAYER] Grapple Cart Obby (6,517 CCU; 28.9M visits; 2026-08) | Carry the Glass Together! [2 Pla (6,279 CCU; 25.8M visits; 2026-06) | Together [Party Game] (4,337 CCU; 722.8M visits; 2023-07) | Blockies [2-3-4-5 Player Obby]  (4,313 CCU; 98.7M visits; 2025-05) | Team School Breakout! (TEAMWORK  (2,751 CCU; 306.6M visits; 2023-08)"
bike_trials,物理越野摩托关卡(Moto X3M),320,15,15,22948,12,5,[1 & 2 PLAYER] Grapple Cart Obby,6517,0.28,0.19,6,14464,9,5,231937645,0,0.8,0.823,5,261,3894503165,Obby & Platformer,Incremental Simulator,"[1 & 2 PLAYER] Grapple Cart Obby (6,517 CCU; 28.9M visits; 2026-08) | [W27] Obby But You're on a Kart (5,155 CCU; 64.3M visits; 2026-03) | Obby But You're on a Scooter (4,972 CCU; 121.1M visits; 2025-08) | Biker Duo 🏍️ [2 Player Obby] (1,495 CCU; 24.0M visits; 2026-05) | [🚲PARK] Obby But You’re On a Bik (1,078 CCU; 1946.4M visits; 2023-07)"
ragdoll_gore_course,布娃娃自残/受伤闯关(Happy Wheels/Short Life),288,66,66,47358,23,4,Fling Things and People,31500,0.67,0.45,4,3538,15,4,89089717,22,0.348,0.809,283,1979,8543216690,Simulation,Physics Sim,"Fling Things and People (31,500 CCU; 3604.1M visits; 2021-06) | Broken Bones IV (3,950 CCU; 1527.6M visits; 2018-11) | RAGDOLL. ENGINE!!! 😡 (1,532 CCU; 205.4M visits; 2020-09) | Fling Playground (1,330 CCU; 0.8M visits; 2026-01) | Ultimate Ragdoll Playground (898 CCU; 295.3M visits; 2022-10)"
troll_platformer,陷阱/坑人平台(Level Devil/Only Up/Getting Over It),316,85,85,60948,44,12,TROLL Hug Tower,14546,0.24,0.11,25,53186,40,23,803855589,12,0.518,0.888,7,77,4101853463,Obby & Platformer,Tower Obby,"TROLL Hug Tower (14,546 CCU; 212.8M visits; 2026-07) | TROLL Fly & Carry Tower (12,039 CCU; 3.8M visits; 2026-08) | Squishy Troll Tower [BETA] (4,834 CCU; 10.4M visits; 2026-08) | 💥 Extreme Gear Troll Tower (3,422 CCU; 54.4M visits; 2026-03) | TROLL Wheelchair Tower (2,784 CCU; 5.3M visits; 2026-08)"
endless_runner,三车道无尽跑酷(Subway Surfers/Temple Run),456,30,30,11179,9,4,SKI,4707,0.42,0.24,5,9561,16,5,267226319,12,0.3,0.844,30,129,1018454739,Sports & Racing,Racing,"SKI (4,707 CCU; 21.2M visits; 2026-08) | 💀 Run Or Die! (1,927 CCU; 9.3M visits; 2026-08) | [⚡] Hyper Speed Runner (1,460 CCU; 93.3M visits; 2026-01) | Bobsled Ride Down a Mountainside (1,132 CCU; 112.2M visits; 2025-12) | Subway Surfing (607 CCU; 33.9M visits; 2025-09)"
precision_platformer,竞速/精准平台(Vex/OvO/Run 3),367,120,120,69084,37,5,Tower of Hell,41862,0.61,0.38,15,19501,37,17,666502992,48,0.308,0.746,9,2296,36760493516,Obby & Platformer,Tower Obby,"Tower of Hell (41,862 CCU; 29094.5M visits; 2018-06) | ASMR Auto Wallhop Tower 2 (5,894 CCU; 13.2M visits; 2026-08) | [HELL] Spiral Difficulty Chart O (5,144 CCU; 64.6M visits; 2026-01) | Easy Auto Wall Hop Tower (1,898 CCU; 11.1M visits; 2026-07) | [⚡] Hyper Speed Runner (1,470 CCU; 93.3M visits; 2026-01)"
rhythm_auto_runner,节奏自动跑酷(Geometry Dash),243,10,10,4737,5,2,BEAT BOUNCE 🎶 (GEOMETRY DASH),1932,0.41,0.28,0,0,0,0,0,3,0.5,0.664,2,956,999634578,Obby & Platformer,Runner,"BEAT BOUNCE 🎶 (GEOMETRY DASH) (1,932 CCU; 526.6M visits; 2023-12) | Dash World [PLATFORMER] (1,363 CCU; 212.2M visits; 2025-06) | Poly Dash (Geometry Dash) (587 CCU; 123.7M visits; 2023-11) | [UPD] Geometry Dash 1.1 (449 CCU; 2.6M visits; 2020-12) | Electric Dash (263 CCU; 82.9M visits; 2025-02)"
stickman_swing,荡绳/抓钩过关(Stickman Hook),251,90,89,22173,18,4,Swing For Eggs,8138,0.37,0.23,11,19137,70,12,802342636,25,0.202,0.854,10,93,2186738843,Simulation,Tycoon,"Swing For Eggs (8,138 CCU; 29.2M visits; 2026-08) | [1 & 2 PLAYER] Grapple Cart Obby (6,517 CCU; 28.9M visits; 2026-08) | +1 Speed Grapple Escape (1,080 CCU; 2.9M visits; 2026-08) | [SOON] Spider Rising: Spider-Man (1,030 CCU; 13.4M visits; 2026-06) | [W10] Rope Swing Obby (888 CCU; 297.0M visits; 2024-03)"
io_eat_grow,吞噬成长竞技场(agar/slither/hole.io/大鱼吃小鱼),398,111,111,12243,18,4,Eat the World,2008,0.16,0.08,10,5217,66,8,157037530,36,0.162,0.894,76,703,3113996987,Simulation,Incremental Simulator,"Eat the World (2,008 CCU; 631.0M visits; 2024-02) | Hole🕳️ (1,706 CCU; 0.7M visits; 2026-09) | Eat Blobs Simulator (1,416 CCU; 245.7M visits; 2021-12) | +1 Black Hole Mass (1,170 CCU; 0.8M visits; 2026-08) | 🌎 World.io (676 CCU; 179.6M visits; 2025-03)"
io_territory,圈地/占领(paper.io/Hexanaut/领地之争),318,11,11,981,2,0,Capture for Magic!,451,0.46,0.38,1,451,4,1,12349006,3,0.182,0.665,4,368,321802174,Party & Casual,Minigame,Capture for Magic! (451 CCU; 7.8M visits; 2026-05) | Color Game! 🎨 (394 CCU; 200.4M visits; 2025-02) | Territory Royale  (64 CCU; 4.5M visits; 2025-10) | Paint.io (34 CCU; 25.5M visits; 2025-05) | Color.io (26 CCU; 65.0M visits; 2025-01)
io_arena_shooter,网页FPS/建造对枪/吃鸡(Shell Shockers/1v1.lol),230,80,80,331084,49,21,RIVALS,165957,0.5,0.27,32,103491,51,30,1973829400,9,0.613,0.923,1,715,36088599355,Shooter,Deathmatch Shooter,"RIVALS (165,957 CCU; 18590.2M visits; 2024-05) | [🎃DUELS] Murderers VS Sheriffs (31,283 CCU; 1891.7M visits; 2025-02) | [🔥NEW SNIPER] Sniper Arena (20,442 CCU; 305.6M visits; 2026-01) | [FPS] One Tap (15,919 CCU; 585.3M visits; 2025-12) | KNIFE DUELS (13,032 CCU; 121.8M visits; 2026-01)"
sandbox_voxel,体素沙盒/多模式(Bloxd/Miniblox/MineFun),144,40,40,17445,20,5,Build with Voxels 🔨,4316,0.25,0.13,15,13075,29,5,218057508,4,0.5,0.774,14,236,666334557,Simulation,Sandbox,"Build with Voxels 🔨 (4,316 CCU; 147.0M visits; 2026-01) | Build Your Voxel Coaster (3,446 CCU; 17.9M visits; 2026-08) | 🔨 Voxel Block Builder [🙂 VERITY] (1,922 CCU; 129.4M visits; 2025-06) | Minecraft 1.20.6 (1,416 CCU; 3.0M visits; 2026-09) | [UPD] Voxel Warfare (1,030 CCU; 31.1M visits; 2025-04)"
kart_battle,卡丁车道具乱斗(Smash Karts),270,12,12,764,4,0,[BETA] KF1 Karting ,176,0.23,0.15,3,339,7,3,29622970,1,0.333,0.835,15,624,182828153,Sports & Racing,Racing,[BETA] KF1 Karting  (176 CCU; 43.8M visits; 2022-01) | Kart Arena (122 CCU; 0.1M visits; 2026-09) | [🎃UPD] Bumper Balls🟡 (113 CCU; 10.8M visits; 2026-05) | Bumper Cars! 💥 (104 CCU; 7.2M visits; 2026-02) | Kart Wars! 🏎️ (91 CCU; 10.9M visits; 2025-11)
tank_maze_duel,迷宫坦克弹射对战(坦克动荡/Tank Trouble),247,4,4,472,1,0,[🍁] Ricochet or Hide!,416,0.88,0.79,1,416,4,0,9888130,1,0.25,0.899,6,221,9888130,Party & Casual,Minigame,[🍁] Ricochet or Hide! (416 CCU; 4.8M visits; 2026-02) | 🎯 Tank Fight (49 CCU; 3.0M visits; 2026-07) | Ttank [Alpha] (6 CCU; 1.8M visits; 2025-11) | Ricochet Arena (1 CCU; 0.3M visits; 2026-08)
bomberman,炸弹人迷宫(Q版泡泡堂/Bomb It/Playing With Fire),254,3,3,500,2,0,Blast Zone,391,0.78,0.66,0,0,1,0,198994,0,0.667,0.875,9,2277,321148704,Action,Battlegrounds & Fighting,Blast Zone (391 CCU; 101.7M visits; 2022-03) | Super Bomb Survival (108 CCU; 219.2M visits; 2014-06) | BOMBER 💣 (1 CCU; 0.2M visits; 2026-04)
tower_defense,塔防/植物大战僵尸,289,79,79,70467,40,17,Tower Defense Simulator,12421,0.18,0.07,15,25499,31,18,299085435,13,0.506,0.912,1,1346,27255430751,Strategy,Tower Defense,"Tower Defense Simulator (12,421 CCU; 5004.6M visits; 2019-06) | [📊PATCH📊] Slop Tower Defense! 💔 (7,902 CCU; 26.2M visits; 2026-07) | TB II | Tower Defense X: BETA (6,217 CCU; 417.5M visits; 2022-04) | [⏳🧪] Garden Tower Defense 🌻 (4,163 CCU; 810.3M visits; 2025-05) | [🎫 X2 🎫] Alliance Tower Defense! (3,902 CCU; 20.0M visits; 2026-06)"
gold_miner_claw,摆钩抓取时机(黄金矿工/Claw),264,13,13,2294,6,0,[🔮]Tokyo Claw Machine,840,0.37,0.23,2,742,5,2,38163464,5,0.462,0.856,1,471,431992005,Simulation,Incremental Simulator,[🔮]Tokyo Claw Machine (840 CCU; 139.1M visits; 2024-08) | [🏗️] Claw Fishing (578 CCU; 22.3M visits; 2026-04) | Claw Machine Hub (243 CCU; 16.3M visits; 2025-08) | Japan Claw Machine Arcade 🕹️ (186 CCU; 15.6M visits; 2025-08) | Be a Claw Machine (164 CCU; 0.3M visits; 2026-09)
fishing_timing,钓鱼升级(Tiny Fishing),129,113,113,134783,37,14,[🦑UPD] Fish It! 🐟,75993,0.56,0.33,27,48851,78,32,831257875,30,0.327,0.868,0,561,7829963920,Simulation,Incremental Simulator,"[🦑UPD] Fish It! 🐟 (75,993 CCU; 4772.3M visits; 2024-10) | [ISLANDS] Roll a Fisherman 🎣 (8,640 CCU; 9.9M visits; 2026-08) | [🌋] Deep Fishing🎣 (8,378 CCU; 9.6M visits; 2026-07) | [UPD] Fishing Master (7,369 CCU; 6.5M visits; 2026-04) | Heavyweight Fishing (5,319 CCU; 55.5M visits; 2025-08)"
launch_distance,发射飞行+升级(Learn to Fly/Burrito Bison/Dolphin Olympics),402,55,52,51426,11,4,+1 Stone Skipping,33590,0.65,0.5,9,49652,41,9,2118897382,15,0.212,0.96,3,86,3111363475,Simulation,Incremental Simulator,"+1 Stone Skipping (33,590 CCU; 20.0M visits; 2026-09) | [🍂] Kick a Lucky Block (13,332 CCU; 1905.9M visits; 2026-04) | Kick Ball to Space ⚽ (1,248 CCU; 32.2M visits; 2026-06) | Glide Tower (1,028 CCU; 370.1M visits; 2025-05) | Launch a Lucky Block (537 CCU; 2.3M visits; 2026-06)"
train_and_race,养成训练→比赛(Duck Life),289,35,35,137740,19,7,[X20] +1 Speed Keyboard Escape | Candy & Chocolate,101430,0.74,0.56,16,136140,28,17,7383241182,9,0.543,0.967,2,228,10631338499,Simulation,Incremental Simulator,"[X20] +1 Speed Keyboard Escape | (101,430 CCU; 6344.6M visits; 2026-01) | +1 Speed Be a Dumpling (13,702 CCU; 6.2M visits; 2026-08) | 🐒 +1 Speed Monkey Escape (7,890 CCU; 628.6M visits; 2026-05) | +1 Speed Verity Backroom Escape (3,268 CCU; 15.9M visits; 2026-07) | +1 Speed Evolve 🦊 (2,600 CCU; 112.0M visits; 2026-04)"
time_mgmt_cooking,订单制作/时间管理(老爹系列/烹饪),325,161,160,71854,42,17,2 Player Pizza Tycoon 🍕,9106,0.13,0.07,18,32958,67,13,388940971,49,0.263,0.943,2,1626,15198554949,Simulation,Tycoon,"2 Player Pizza Tycoon 🍕 (9,106 CCU; 2.5M visits; 2026-09) | Restaurant Tycoon 3 (8,967 CCU; 376.1M visits; 2025-01) | 🍕Work at a Pizza Place (8,111 CCU; 5611.3M visits; 2008-03) | Run a Restaurant! (7,564 CCU; 125.9M visits; 2026-04) | Steal and Cook Food (4,670 CCU; 2.7M visits; 2026-08)"
idle_clicker,放置/点击增量(Cookie Clicker/Idle Breakout),213,158,158,305999,70,30,[X20] +1 Speed Keyboard Escape | Candy & Chocolate,100754,0.33,0.15,46,175501,106,34,8090695587,30,0.443,0.958,4,678,30206900599,Simulation,Incremental Simulator,"[X20] +1 Speed Keyboard Escape | (100,754 CCU; 6344.6M visits; 2026-01) | 🎃 [HATCH WARS] Pet Simulator 99! (50,265 CCU; 2661.6M visits; 2022-02) | Jump Clicker 🚀 (32,632 CCU; 123.4M visits; 2025-02) | Speed Clicker ⚡ (12,225 CCU; 288.2M visits; 2024-12) | [OVERCLOCK] Anime Astral Simulat (11,580 CCU; 105.7M visits; 2026-07)"
merge_drop,合成掉落(Suika/2048/合成),340,17,16,334,1,0,🍉 Watermelon GO! [2.0] [Fruit Game],185,0.55,0.33,0,0,9,2,36563478,7,0.062,0.889,49,957,355179610,Puzzle,Match & Merge,🍉 Watermelon GO! [2.0] [Fruit Ga (185 CCU; 75.3M visits; 2023-10) | Fruit Game 🍉 (33 CCU; 20.3M visits; 2023-10) | 🍉 Watermelon Obby (24 CCU; 19.1M visits; 2024-09) | 🍉 Watermelon Tower (23 CCU; 3.1M visits; 2025-09) | Rubber Band Watermelon 🍈 (18 CCU; 21.5M visits; 2026-01)
classic_board_card,棋牌/连连看/泡泡龙/麻将(传统休闲),373,99,99,40366,30,12,[🍁UPD] Bubble Gum Simulator INFINITY,7125,0.18,0.08,18,23512,65,18,569688226,28,0.303,0.885,3,331,4047398711,Puzzle,Word,"[🍁UPD] Bubble Gum Simulator INFI (7,125 CCU; 609.8M visits; 2024-09) | Finish The Word! [ SUMMER ] (4,907 CCU; 88.8M visits; 2026-05) | [🍁] 50 Player BINGO! (4,122 CCU; 57.0M visits; 2026-07) | STOP! Word Duel (2,936 CCU; 5.0M visits; 2026-08) | Word Hunt🔍  (2,561 CCU; 3.2M visits; 2026-03)"
fruit_slice,切割手感(切水果/Slice Master),297,14,13,441,1,0,[🔥FREE UGC] Cut a Fruit!,222,0.5,0.32,1,222,12,0,6467945,3,0.077,0.864,70,542,122468629,Simulation,Tycoon,[🔥FREE UGC] Cut a Fruit! (222 CCU; 1.1M visits; 2026-08) |  Smooth Slicing (82 CCU; 65.6M visits; 2021-01) | [🚀UPDATE] Slice A Dummy! (73 CCU; 0.1M visits; 2026-09) | Cut Stuff (33 CCU; 50.4M visits; 2023-02) | +1 Fruit Slicing (18 CCU; 0.0M visits; 2026-10)
physics_destruction,物理爆破/攻城(高楼爆破/Crush the Castle/星球毁灭),318,102,102,29269,27,5,[💰] Destroy a Vault,8550,0.29,0.15,10,19445,32,6,126942731,34,0.265,0.923,1,534,3854725592,Simulation,Incremental Simulator,"[💰] Destroy a Vault (8,550 CCU; 3.6M visits; 2026-07) | Smash the City (6,263 CCU; 1.5M visits; 2026-09) | [New Car!🛫] Car Crushers 2 - Phy (2,802 CCU; 1370.5M visits; 2017-02) | +1 Superpower Destruction (2,457 CCU; 1.3M visits; 2026-08) | [UPDATE] Destroy A Car! (1,277 CCU; 33.0M visits; 2025-05)"
draw_guess_party,你画我猜(skribbl/Draw This),211,60,60,21491,31,6,[UPD] Paint Or Seek [Chameleon],4748,0.22,0.09,27,19395,50,18,905082619,7,0.517,0.661,3,117,1594821738,Party & Casual,Coloring & Drawing,"[UPD] Paint Or Seek [Chameleon] (4,748 CCU; 203.0M visits; 2026-06) | [🎨] Paint To Survive Tower (2,521 CCU; 5.1M visits; 2026-06) | Draw It Better! 🎨 (1,961 CCU; 63.1M visits; 2026-04) | [🧬MUTATIONS] PAINT OR DIE! (1,632 CCU; 179.9M visits; 2026-06) | Draw a Monster! (1,220 CCU; 0.4M visits; 2026-09)"
hide_seek_prop,躲猫猫/变身道具(Hide Online/Prop Hunt),113,81,80,50917,27,12,Shrink Hide & Seek,9636,0.19,0.1,16,29573,38,15,917666213,26,0.338,0.796,4,322,8435116809,Party & Casual,Childhood Game,"Shrink Hide & Seek (9,636 CCU; 314.3M visits; 2025-05) | [UPD🖌️] Paint to Hide and Seek! (7,989 CCU; 37.2M visits; 2026-06) | [UPD] Paint Or Seek [Chameleon] (4,748 CCU; 203.0M visits; 2026-06) | [🎨] Hide In Pixels (4,703 CCU; 0.8M visits; 2026-09) | 💀 Hide or OOF! (4,447 CCU; 807.8M visits; 2024-08)"
tag_arena,小场地追逐抓人(Tag),224,79,77,50900,25,9,Timebomb Duels [Alpha],17246,0.34,0.2,21,30419,56,21,854464029,27,0.325,0.766,6,738,3043825826,Party & Casual,Childhood Game,"Timebomb Duels [Alpha] (17,246 CCU; 931.4M visits; 2022-10) | Duck Duck (Tag) 🦆 (13,882 CCU; 21.9M visits; 2026-03) | Hot Potato 🥔💥 (4,416 CCU; 41.3M visits; 2026-06) | 🕷️Spidey Bomb Tag (1,934 CCU; 2.1M visits; 2026-08) | Monkey Bomb Tag (1,851 CCU; 175.5M visits; 2026-01)"
car_stunt_drift,开放场地飙车/漂移/特技(Madalin/Drift Hunters/3D飙车),175,117,116,139992,65,27,Driving Empire,25787,0.18,0.07,21,53329,37,20,634448858,21,0.56,0.932,2,1131,15139630135,Simulation,Vehicle Sim,"Driving Empire (25,787 CCU; 3343.0M visits; 2019-06) | (WHEELIE STYLE x BIG UPDATE) Dra (14,698 CCU; 630.0M visits; 2025-01) | (BETA) Drive A Kukirin! (11,496 CCU; 76.3M visits; 2026-08) | Ghost Driver [ALPHA] (10,029 CCU; 93.9M visits; 2026-05) | Steal A Car (9,127 CCU; 10.9M visits; 2026-09)"
parking_traffic_puzzle,停车/交通疏导(Parking Fury/Traffic Jam),173,4,4,490,2,0,Traffic Flow 🚗 [RELEASE],381,0.78,0.65,1,381,2,0,1306342,1,0.5,0.582,39,748,37479853,Puzzle,Vehicle Sim,Traffic Flow 🚗 [RELEASE] (381 CCU; 0.6M visits; 2026-07) | [🏆] Car Parking Level 7 🅿️🚗 (102 CCU; 24.6M visits; 2018-12) | Parking Panic (6 CCU; 11.5M visits; 2009-09) | 🚗 Draw Parking (1 CCU; 0.7M visits; 2026-05)
pool_billiards,台球(8 Ball Pool/彩8对战),180,7,7,5022,2,1,[NEW] 8 Ball Duels,4668,0.93,0.87,1,4668,6,3,33485169,1,0.286,0.735,11,200,109020401,Sports & Racing,Sports,"[NEW] 8 Ball Duels (4,668 CCU; 15.0M visits; 2026-07) | 🐰 8-Ball Pool Classic 🎱 (267 CCU; 75.5M visits; 2020-08) | [🎉NEW] 8-Ball X  (37 CCU; 11.6M visits; 2025-12) | 8-Ball Pool (19 CCU; 0.0M visits; 2026-09) | 8-Ball Pool: 1v1 (17 CCU; 6.0M visits; 2025-12)"
mini_golf,迷你高尔夫,137,11,10,1120,3,0,Realistic Golf ⛳,500,0.45,0.29,0,0,5,2,22240002,1,0.3,0.753,37,1242,392531164,Sports & Racing,Sports,Realistic Golf ⛳ (500 CCU; 33.9M visits; 2025-03) | Super Golf! (277 CCU; 256.9M visits; 2019-11) | ⛳Golf Frenzy!  (184 CCU; 72.9M visits; 2022-02) | Deadly Golf  [UPD] (60 CCU; 12.4M visits; 2026-05) | [UPD] ☀️Build a Mini Golf 🌴 (40 CCU; 9.3M visits; 2025-10)
penalty_freekick,点球/任意球(Penalty Shooters/Free Kick),153,15,15,4963,5,1,That Freekick Challenge (TFC),3659,0.74,0.57,3,4548,11,2,75209667,2,0.333,0.916,8,149,277154278,Sports & Racing,Sports,"That Freekick Challenge (TFC) (3,659 CCU; 32.6M visits; 2026-07) | Penalty Kicks! (695 CCU; 39.1M visits; 2026-05) | WPK💥Winning Penalty Kick ⚽ Socce (203 CCU; 84.5M visits; 2023-01) | [🧤] Goalkeeper Training Center (194 CCU; 0.9M visits; 2026-08) | Freekick Simulator  (143 CCU; 72.4M visits; 2025-01)"
racket_duel,火柴人羽毛球/乒乓/网球对打,181,19,19,7961,2,2,[EVENT🎃] Racket Rivals ,6162,0.77,0.63,0,0,10,1,27715287,6,0.105,0.937,7,489,1047187814,Sports & Racing,Sports,"[EVENT🎃] Racket Rivals  (6,162 CCU; 574.1M visits; 2025-06) | [UPD] Neo Tennis (1,482 CCU; 242.2M visits; 2025-07) | [UPD 5.3] Padel Shot (81 CCU; 4.5M visits; 2026-04) | [NEW UPD] US Open Tennis: Champi (72 CCU; 23.7M visits; 2023-08) | AO Tennis Adventure (68 CCU; 42.9M visits; 2022-10)"
stickman_brawler,横版格斗/火柴人乱斗(死神VS火影/拳皇wing/Supreme Duelist),277,71,71,72799,26,8,The Strongest Battlegrounds,48969,0.67,0.46,6,3474,19,5,151764547,17,0.366,0.843,9,1479,27208804201,Action,Battlegrounds & Fighting,"The Strongest Battlegrounds (48,969 CCU; 19374.0M visits; 2022-08) | Legends Battlegrounds (4,191 CCU; 509.9M visits; 2023-11) | [💥] Heroes Battlegrounds (4,155 CCU; 1747.6M visits; 2023-04) | Ultimate Battlegrounds (2,623 CCU; 725.1M visits; 2022-12) | [OPE V2] Fruit Battlegrounds (2,288 CCU; 1073.0M visits; 2022-03)"
run_gun_coop,横版闯关射击/动作RPG(战火英雄/二战前线/勇者之路/造梦),258,0,0,0,0,0,,0,,0,0,0,0,0,0,0,,0.0,0,0,0,,,
stealth_heist,潜行偷盗(Bob the Robber),265,183,181,1734202,82,21,Steal An Egg,1538756,0.89,0.79,51,1600578,97,57,8948777167,29,0.453,0.916,0,111,105009542239,Simulation,Tycoon,"Steal An Egg (1,538,756 CCU; 7221.8M visits; 2026-07) | [🌗] Steal a Brainrot (92,027 CCU; 73862.2M visits; 2025-05) | Don't Steal My Eggs! (13,539 CCU; 2.3M visits; 2026-09) | Steal ASMR! (13,100 CCU; 11.9M visits; 2026-09) | 🚨BARRY'S PRISON RUN! (OBBY) (12,690 CCU; 4725.0M visits; 2022-02)"
upgrade_drive_zombies,升级载具冲关(Earn to Die),251,5,4,12671,2,1,a dusty trip [🚗SEASON],11822,0.93,0.87,1,815,2,0,2681742,1,0.5,0.903,5,913,2714567985,Adventure,Incremental Simulator,"a dusty trip [🚗SEASON] (11,822 CCU; 2579.1M visits; 2024-02) | [🛸W3] Death Race (815 CCU; 2.7M visits; 2026-06) | An Infinite Road Trip (24 CCU; 129.6M visits; 2020-05) | 🚌 Deadly Road Trip [NEW] (10 CCU; 3.2M visits; 2025-04) | Zombie Car RNG (0 CCU; 0.0M visits; 2026-08)"
artillery_turn,回合抛物线对轰(Raft Wars/Worms/弹弹堂式),326,8,8,2688,2,1,Draft Wars,2270,0.84,0.73,2,2610,4,1,9370747,4,0.25,0.826,17,71,136359620,Party & Casual,Minigame,"Draft Wars (2,270 CCU; 2.1M visits; 2026-09) | [Clans] Archery Duels (340 CCU; 6.1M visits; 2026-06) | Worms (31 CCU; 7.7M visits; 2021-09) | Worms Royale (16 CCU; 5.7M visits; 2023-10) | Bow Battle Arena (13 CCU; 88.7M visits; 2023-12)"
dress_up_makeover,换装/化妆/美甲,142,78,78,90362,26,7,Dress To Impress ⭐,52845,0.58,0.37,15,32042,44,17,717230068,14,0.333,0.883,1,747,16658429112,Obby & Platformer,Dress Up,"Dress To Impress ⭐ (52,845 CCU; 11118.4M visits; 2023-10) | Would You Rather: MIX Outfit Tow (9,962 CCU; 78.1M visits; 2026-05) | Dress Designer (8,580 CCU; 1.6M visits; 2026-09) | 🎀 Make Dresses (4,510 CCU; 1.6M visits; 2026-09) | Would You Rather: Boys & Girls O (4,129 CCU; 225.5M visits; 2026-05)"
horror_escape,恐怖逃生,120,87,86,92090,51,13,DOORS 🚨,53901,0.59,0.35,22,13814,34,19,677036450,11,0.593,0.9,5,1806,16408615517,Survival,Escape,"DOORS 🚨 (53,901 CCU; 7844.6M visits; 2021-03) | he ate them. [HORROR] (5,134 CCU; 13.7M visits; 2024-10) | Escape Papa Pizza's Pizzeria! (S (3,330 CCU; 1038.2M visits; 2021-06) | KKN: THE HAUNTED VILLAGE [HORROR (2,447 CCU; 6.6M visits; 2026-08) | ANMU 🪔 [HORROR] (1,659 CCU; 1.3M visits; 2026-09)"
minigame_collection,双人/多人小游戏合集(MiniBattles/2-3-4 Player),301,29,29,9461,9,3,[UPD2] Machine Party 💥,4226,0.45,0.26,6,7046,15,6,170746215,7,0.31,0.893,1,906,2867726813,Action,Minigame,"[UPD2] Machine Party 💥 (4,226 CCU; 25.0M visits; 2026-08) | Epic Minigames ✨ (1,688 CCU; 2357.8M visits; 2015-07) | 🕹️ Endless GAMES [NO ADS] (1,097 CCU; 59.9M visits; 2026-07) | [UPD] Violent Party! (701 CCU; 22.2M visits; 2026-05) | Table Games RNG [PETS] (490 CCU; 6.1M visits; 2026-07)"
rhythm_music,音游(FNF/钢琴块),157,46,46,10664,16,3,Piano Tiles,2615,0.25,0.15,5,3415,16,3,56042965,14,0.348,0.746,8,1137,3686701487,Entertainment,Music & Audio,"Piano Tiles (2,615 CCU; 1.7M visits; 2026-09) | [LULLABY] Funky Friday (2,201 CCU; 2020.0M visits; 2021-02) | BEAT BOUNCE 🎶 (GEOMETRY DASH) (2,004 CCU; 526.6M visits; 2023-12) | [NEW SONGS!] Piano Tiles Rush (584 CCU; 8.1M visits; 2022-03) | [🎉300M!] RoBeats! 🎧 Music + Rhyt (342 CCU; 300.6M visits; 2017-03)"
helix_stack_tap,超休闲单指反应(Helix Jump/Stack/Flappy),335,10,10,175,0,0,[🌎] Cross the Road for Brainrot🚗,62,0.35,0.26,0,0,5,1,32686982,4,0.0,0.821,56,593,190426267,Simulation,Tycoon,[🌎] Cross the Road for Brainrot🚗 (62 CCU; 32.4M visits; 2026-01) | cross a street simulator [UFO UP (56 CCU; 42.1M visits; 2024-12) | Cross the Road for Dumplings🚗 (25 CCU; 0.2M visits; 2026-09) | Roblox Flappy Bird (11 CCU; 22.0M visits; 2020-03) | Stack Ball (9 CCU; 70.6M visits; 2021-07)
