archetype,zh,origin,n_games,n_games_with_signal,n_games_on_3plus_sites,web_share_pct,alltime_share_pct,current_share_pct,momentum,breadth_signals,brand_dependence,scratch_views_max,share_cg_plays,share_cg_hot,share_poki_votes,share_poki_pop,share_y8_plays,share_r4399_total,share_r4399_month,share_r7k_hot,share_cm_votes,share_kong_plays,top_titles
mmo_pet_social,页游MMO/养成社区(洛克王国/赛尔号/奥比岛),mmo,48,43,0,16.887,12.897,22.586,1.75,4,0.13,0,0,0,0,0,0,57.18,57.44,43.22,0,14.61,造梦西游online | 原神 | 生死狙击 | 7k7k触动(touch) | 皮卡堂过家家
other,未归类,,1909,1085,7,16.492,10.567,24.957,2.36,10,0.18,0,16.83,73.53,11.46,5.03,9.8,4.76,6.05,5.49,1.28,18.67,All Out | Claw Master | Murder | Cornerlet | Retro Bowl
classic_board_card,棋牌/连连看/泡泡龙/麻将(传统休闲),web,242,169,9,8.621,5.312,13.349,2.51,10,0.17,3822938,6.71,15.79,4.9,11.91,2.27,7.27,9.33,19.36,10.27,0.55,Master Chess | Bubble Shooter | 果蔬连连看 | 宠物连连看2.5版 | Find Me: Lost Objects
endless_runner,三车道无尽跑酷(Subway Surfers/Temple Run),web,51,30,1,5.464,7.449,2.629,0.35,6,0.57,3050101,2.43,0,24.25,8.83,9.58,0.72,0.37,0,0.54,0,Subway Surfers | Slope | Temple Run 2 | Ball Fall 3D | Skytrip
sandbox_voxel,体素沙盒/多模式(Bloxd/Miniblox/MineFun),web,33,27,0,3.799,2.494,5.664,2.27,4,0.63,0,8.33,0,2.63,19.82,0.03,0,0,0,0.36,2.6,Minefun Io | Bloxd.io | Vectaria Io | Skincraft | Aground
time_mgmt_cooking,订单制作/时间管理(老爹系列/烹饪),web,69,55,3,3.159,4.577,1.135,0.25,8,0.21,1615292,1.13,0,5.43,3.1,10.62,0.98,0.53,0.68,9.45,0,Monkey Mart | Bartender: The Right Mix | Papa's Freezeria | My Perfect Hotel | Cooking Mama
bike_trials,物理越野摩托关卡(Moto X3M),web,39,34,3,2.895,4.263,0.939,0.22,7,0.23,10400217,3.04,0,5.92,2.11,7.18,0.89,0.23,1.91,8.58,0,Moto X3M | Drive Mad | Stunt Bike Extreme | Turbo Moto Racer | Moto X3M Winter
io_arena_shooter,网页FPS/建造对枪/吃鸡(Shell Shockers/1v1.lol),web,112,91,1,2.845,3.654,1.69,0.46,8,0.16,0,10.76,0,2.21,4.3,0.71,0.62,1.39,0.46,1.38,6.57,Cryzen Io | Rush Team Free FPS Multiplayers | Shell Shockers | Repuls Io | BuildNow GG
run_gun_coop,横版闯关射击/动作RPG(战火英雄/二战前线/勇者之路/造梦),web,65,54,0,2.802,3.517,1.782,0.51,5,0.14,0,0.4,0,0,0,8.75,6.71,4.28,3.91,0,3.45,爆枪突击 | Box Head - 2Play | Plazma Burst - Forward to the Past | 二战前线2无敌版 | 勇者之刃
car_stunt_drift,开放场地飙车/漂移/特技(Madalin/Drift Hunters/3D飙车),web,134,114,2,2.749,2.854,2.599,0.91,8,0.13,2816639,8.37,1.84,2.13,5.14,1.76,1.62,0.52,3.21,0.49,0.28,Drift Boss | Mr Racer Car Racing | Racing Limits | 3D双人极速飙车 | Russian Car Driver ZIL 130
stickman_brawler,横版格斗/火柴人乱斗(死神VS火影/拳皇wing/Supreme Duelist),web,46,36,3,2.531,2.744,2.226,0.81,7,0.22,797662,1.09,0,3.18,1.39,6.36,3.09,6.01,0.79,0,0,死神VS火影3.3 | Superfighters | Dragon Fist 3 - Age of the Warrior | Stickman Dragon Fight | Karate Fighter
precision_platformer,竞速/精准平台(Vex/OvO/Run 3),web,39,23,1,2.324,3.576,0.534,0.15,6,0.46,43812863,0.34,0,2.51,1.61,2.95,0.61,0,0.52,22.95,0,Run | Red Ball 4 | Vex 3 | Parkour Block 2 | OvO
io_eat_grow,吞噬成长竞技场(agar/slither/hole.io/大鱼吃小鱼),web,48,39,2,2.098,2.66,1.296,0.49,8,0.12,8261010,5.78,0,3.04,3.35,1.66,1.14,0.76,0.84,3.36,0,Flyordie Io | Hole Io | Snake Vs Worms | EvoWars.io | 大鱼吃小鱼双人版
coop_duo_puzzle,双人合作解谜平台(森林冰火人),web,47,35,1,2.035,1.737,2.46,1.42,4,0.18,962470,0,0,0.0,0.26,5.21,3.48,3.51,9.68,0,0,Fireboy and Watergirl Forest Temple | Fireboy and Watergirl 5 Elements | 闪翼双星无敌版 | 森林冰火人中文版 | 冰娃与火娃5
tower_defense,塔防/植物大战僵尸,web,57,47,0,1.824,2.245,1.224,0.55,6,0.34,9476285,0.69,0,0,0,0.92,4.53,2.74,3.09,0,10.17,植物大战僵尸 | Cursed Treasure | The Perfect Tower | 西游大战僵尸2 | Age Of War
idle_clicker,放置/点击增量(Cookie Clicker/Idle Breakout),web,136,125,0,1.592,2.539,0.241,0.09,4,0.27,65009707,2.68,0,0,0,0.03,0.11,0.84,0,3.6,16.16,Trimps | Reactor idle | Factory idle | Idle Breakout | Incremancer
dress_up_makeover,换装/化妆/美甲,web,53,25,1,1.351,0.913,1.977,2.17,4,0.23,15785431,0.01,2.18,4.21,4.14,0.1,0.25,0.18,0.84,0,0,Vortellas Dress Up | Dress Up 3D | Snapstyle Dress Up | Beauty Salon | Nails Diy Manicure Master
launch_distance,发射飞行+升级(Learn to Fly/Burrito Bison/Dolphin Olympics),web,22,16,0,1.259,1.807,0.477,0.26,4,0.38,169049,0.74,1.67,0,0,0,0,0,0,2.53,14.05,Dolphin Olympics 2 | Bouncemasters | Burrito Bison | Solipskier | Learn to Fly
stickman_swing,荡绳/抓钩过关(Stickman Hook),web,5,5,0,1.24,1.664,0.634,0.38,2,0.91,1815457,0.43,0,7.47,2.13,0,0.22,0.09,0,0.38,0,Stickman Hook | Amazing Strange Rope Police | 钢铁蜘蛛侠 | Handulum+ | 火柴人超级蜘蛛侠
ragdoll_gore_course,布娃娃自残/受伤闯关(Happy Wheels/Short Life),web,33,26,0,1.239,2.039,0.095,0.05,2,0.27,1984862,1.03,0,0.13,0.33,8.9,0.13,0,0,0,0,Whack Your Ex | Happy Wheels | Mutilate a Doll 2 | Handless-Millionaire | Whack Your PC
penalty_freekick,点球/任意球(Penalty Shooters/Free Kick),web,14,12,1,1.235,1.686,0.59,0.35,5,0.37,59410,0.75,0,5.08,2.07,0.55,0,0,0,4.1,0,Penalty Shooters 2 | Penalty Kick | Soccer Skills Champions League | No Fault Cup 2026 | Soccer Real
merge_drop,合成掉落(Suika/2048/合成),web,91,64,3,1.227,1.244,1.203,0.97,5,0.24,7605377,3.57,0,1.5,3.71,0.14,0.2,0.13,0.74,1.62,0,Blocky Blast Puzzle | Anycolor | Knife Merge | Suika | Family Sort
troll_platformer,陷阱/坑人平台(Level Devil/Only Up/Getting Over It),web,30,22,0,1.176,1.455,0.778,0.53,6,0.55,28791882,0.63,0,4.03,1.88,0.47,0.13,0.84,0,1.89,2.17,Level Devil | There Is No Game | Achievement Unlocked 2 | 只有一道门2.1 | Trollface Quest TrollTube
head_sports,大头体育对战(Head Soccer/Basketball Stars),web,12,8,1,1.102,0.95,1.319,1.39,5,0.74,1861493,1.81,0,2.42,3.84,0,0.07,0.56,0.44,0.9,0,Basketball Stars | Tap-Tap Shots | Soccer Legends 2026 | 热血篮球赛 | 街篮高手
physics_destruction,物理爆破/攻城(高楼爆破/Crush the Castle/星球毁灭),web,32,27,0,1.089,1.1,1.073,0.98,7,0.3,1952253,1.16,2.78,0.57,0.91,2.15,0.6,0.06,0,0,2.04,Catapult King | Crush the Castle 2 | Planet Destruction | PC Breakdown | Kill Time in your Office
rbx_reverse,Roblox反向移植(偷脑腐/Obby/99夜),roblox,100,49,1,1.063,0.826,1.401,1.7,4,0.19,0,2.02,2.21,1.94,2.69,0.16,0,0,0,0,0,Steal A Brainrot | Rainbow Obby | Obby: Mini-Games | Slime Keyboard Escape | Italian Brainrot Clicker Game
physics_random_duel,随机物理双人对战(Basket/Soccer Random),web,29,21,3,0.791,1.04,0.437,0.42,3,0.33,87158,4.59,0,0.6,1.06,0,0,0.42,0.09,0,0,Ragdoll Archers | Ragdoll Hit | Basket Random | Ragdoll Chaos | Soccer Random
racket_duel,火柴人羽毛球/乒乓/网球对打,web,14,12,1,0.753,0.959,0.458,0.48,5,0.27,9352137,0.64,0,0.4,0.44,2.51,0.83,0.45,1.43,0.83,0,Stick Figure Badminton | 火柴人打羽毛球2 | Ping Pong Go | Table Tennis- World Tour | 沙滩球大挑战
fruit_slice,切割手感(切水果/Slice Master),web,8,6,1,0.702,1.021,0.245,0.24,3,0.86,2309427,1.0,0,0.76,0.43,0,0.41,0.2,0.47,5.85,0,Slice Master | 快刀切水果3 | 水果忍者 | 切水果大师 | 武士切水果
pool_billiards,台球(8 Ball Pool/彩8对战),web,27,25,1,0.673,0.885,0.37,0.42,5,0.3,681687,1.63,0,0,0,1.5,0.31,1.02,0.55,1.96,0,8 Ball Pool | Pool Live Pro | 8 Ball Billiards Classic | 超级台球大师 | 彩8对战
artillery_turn,回合抛物线对轰(Raft Wars/Worms/弹弹堂式),web,20,17,1,0.652,1.012,0.138,0.14,4,0.31,157441,0.31,0,1.42,0.48,1.84,0.22,0,0,1.16,1.36,Avatar Fortress Fight 2 | Hills Of Steel | Gravitee Wars Online | Tank Stars | Raft Wars
bomberman,炸弹人迷宫(Q版泡泡堂/Bomb It/Playing With Fire),web,10,9,0,0.642,0.789,0.431,0.55,4,0.54,1444990,0.08,0,0.1,0.83,2.96,0.81,0.28,0.78,0,0,Playing with Fire 2 | Q版泡泡堂 | Blast Buddies | 萌版泡泡堂8 | 可爱炸弹人2
tag_arena,小场地追逐抓人(Tag),web,1,1,0,0.626,0.104,1.372,13.23,1,1.0,54897,0,0,0.35,4.8,0,0,0,0,0.34,0,Tag
rhythm_auto_runner,节奏自动跑酷(Geometry Dash),web,10,8,1,0.593,0.982,0.036,0.04,2,0.63,22044811,3.2,0,0,0,1.71,0,0.06,0.14,0,0,Space Waves | Color Tunnel | Geometry Jump | Geometry Arrow | 节奏大师电脑版
io_territory,圈地/占领(paper.io/Hexanaut/领地之争),web,10,8,0,0.533,0.627,0.398,0.63,3,0.22,1276110,1.5,0,0.1,1.39,0,0,0,0,3.05,0,Paper.io 2 | Paperio 2 | Hexanaut.io | Defly.io Online | Hexellent
fishing_timing,钓鱼升级(Tiny Fishing),web,7,5,0,0.51,0.852,0.022,0.03,2,0.77,522973,0.1,0,0,0,0.84,0.07,0,0.15,6.5,0,Tiny Fishing | The Farmer | 海边钓鱼2 | 多拉A梦来钓鱼 | The Farmers
hide_seek_prop,躲猫猫/变身道具(Hide Online/Prop Hunt),web,9,7,0,0.46,0.482,0.429,0.89,3,0.41,3907968,0.09,0,0.25,1.37,1.15,0,0.13,0,0,1.86,Hide And Paint | Hide Online | Hunters and Props | 双人野外躲猫猫 | Prop Busters
tank_maze_duel,迷宫坦克弹射对战(坦克动荡/Tank Trouble),web,21,15,0,0.384,0.473,0.257,0.54,3,0.4,1247404,0.28,0,0,0,0,0.78,0.73,0.33,2.6,0,Awesome Tanks | 坦克动荡2 | 3D坦克 | 坦克大战之风云再起 | 经典90坦克大战
rhythm_music,音游(FNF/钢琴块),web,14,4,1,0.368,0.596,0.044,0.07,3,0.38,7932798,0.64,0,0,0,1.53,0,0,0.31,0,1.61,Friday Night Funkin | Perfect Piano | Music Catch | 专业钢琴演奏 | 一起学钢琴
kart_battle,卡丁车道具乱斗(Smash Karts),web,11,9,0,0.335,0.514,0.079,0.15,2,0.48,7465937,2.05,0,0,0,0,0.52,0.28,0,0,0,Smash Karts | 双人碰碰车3D1.2 | Derby Crash | 泡泡堂卡丁车 | Demolition Derby 3
horror_escape,恐怖逃生,web,38,23,0,0.307,0.472,0.071,0.15,2,0.26,0,0.68,0,0,0,1.68,0,0.25,0,0,0,Among Us | Murder Mafia | Amogus io | Back to Granny's House | Haunted School
helix_stack_tap,超休闲单指反应(Helix Jump/Stack/Flappy),web,18,10,0,0.269,0.375,0.117,0.31,2,0.5,15073606,0.74,0,0.74,0.41,0.39,0,0,0,0,0,Plonky | Helix Jump | Chicken Scream | Flappy Bird | Stack Colors!
gold_miner_claw,摆钩抓取时机(黄金矿工/Claw),web,9,7,0,0.245,0.314,0.147,0.47,2,0.4,653695,0,0,0,0,0.83,0.74,0.3,0.43,0,0,黄金矿工双人版 | Gold Miner | 挖地小子无敌版 | Gold Miner Vegas | 钻头车挖宝石
train_and_race,养成训练→比赛(Duck Life),web,3,2,1,0.24,0.408,0.0,0.0,2,0.96,480627,0.1,0,0,0,0,0,0,0,2.39,1.49,Duck Life | Race Clicker: Drift Max | 小鸭子游泳赛
parking_traffic_puzzle,停车/交通疏导(Parking Fury/Traffic Jam),web,14,10,0,0.182,0.309,0.0,0.0,2,0.42,5423153,0.22,0,0,0,1.07,0,0,0,0.52,0,Traffic Jam 3D | Parking Fury | My Parking Lot | Parking Fury 3D: Side Hustle | Parking Jam
mini_golf,迷你高尔夫,web,9,8,0,0.18,0.306,0.0,0.0,1,0.77,2238747,0.35,0,0,0,0,0,0,0,0,2.35,Wonderputt | Mini Golf Club | The Speedy Golf | Cozy Golf | Mini Putt
stealth_heist,潜行偷盗(Bob the Robber),web,20,16,1,0.172,0.292,0.0,0.0,2,0.38,42288,0.9,0,0,0,0,0,0,0,1.12,0,Bob the Robber | Dig out of Prison | Escape From Prison Multiplayer | Bank Robbery | Bank Heist
upgrade_drive_zombies,升级载具冲关(Earn to Die),web,4,3,0,0.155,0.263,0.0,0.0,1,0.97,39841,0.05,0,0,0,1.27,0,0,0,0,0,Earn To Die | Zombie Drive Survivor | Zombie Derby | Dead Paradise
draw_guess_party,你画我猜(skribbl/Draw This),web,9,5,0,0.079,0.071,0.091,1.28,0,0.75,2554,0.09,0,0.26,0.24,0.0,0,0,0.16,0,0,Color Artist | 贝蒂的手工沙画 | Color Tap: Coloring by Numbers | Skribbl.io | Coloring Book
minigame_collection,双人/多人小游戏合集(MiniBattles/2-3-4 Player),web,5,1,0,0.053,0.091,0.0,0.0,0,1.0,512106,0,0,0,0,0.45,0,0,0,0,0,"Dumb Ways to Die | Retro Sports Champion | MiniBattles 2-6 Players | Fun Ragdoll Challenge! Mini Games Collection! | 2, 3, 4, Player Games"
