archetype,zh,n_direct,n_with_label,ccu_direct,games_minimal,ccu_share_minimal,games_mild,ccu_share_mild,games_moderate,ccu_share_moderate,games_restricted,ccu_share_restricted,ccu_share_open_to_kids_5_8
stealth_heist,潜行偷盗(Bob the Robber),60,59,1727962,35,0.9701,24,0.0292,0,0.0,0,0.0,0.9993
io_arena_shooter,网页FPS/建造对枪/吃鸡(Shell Shockers/1v1.lol),60,59,330933,4,0.0042,54,0.9956,1,0.0001,0,0.0,0.9997
idle_clicker,放置/点击增量(Cookie Clicker/Idle Breakout),60,58,302950,50,0.9759,8,0.0209,0,0.0,0,0.0,0.9968
car_stunt_drift,开放场地飙车/漂移/特技(Madalin/Drift Hunters/3D飙车),60,60,138094,56,0.9641,4,0.0359,0,0.0,0,0.0,1.0
train_and_race,养成训练→比赛(Duck Life),35,34,137740,30,0.9729,4,0.0266,0,0.0,0,0.0,0.9995
fishing_timing,钓鱼升级(Tiny Fishing),60,58,134202,52,0.9841,5,0.0148,1,0.0004,0,0.0,0.9989
horror_escape,恐怖逃生,60,58,91351,29,0.1694,25,0.7352,4,0.0774,0,0.0,0.9047
dress_up_makeover,换装/化妆/美甲,60,58,90318,54,0.9976,4,0.0017,0,0.0,0,0.0,0.9993
stickman_brawler,横版格斗/火柴人乱斗(死神VS火影/拳皇wing/Supreme Duelist),60,57,72755,2,0.0013,48,0.9926,6,0.0029,0,0.0,0.9939
time_mgmt_cooking,订单制作/时间管理(老爹系列/烹饪),60,60,70924,51,0.8119,7,0.1856,2,0.0025,0,0.0,0.9975
tower_defense,塔防/植物大战僵尸,60,57,70304,44,0.8876,11,0.0919,1,0.0006,0,0.0,0.9795
precision_platformer,竞速/精准平台(Vex/OvO/Run 3),60,56,68403,51,0.874,5,0.1123,0,0.0,0,0.0,0.9863
troll_platformer,陷阱/坑人平台(Level Devil/Only Up/Getting Over It),60,55,60538,40,0.4774,15,0.5007,0,0.0,0,0.0,0.978
launch_distance,发射飞行+升级(Learn to Fly/Burrito Bison/Dolphin Olympics),55,54,51426,48,0.9943,6,0.0053,0,0.0,0,0.0,0.9996
tag_arena,小场地追逐抓人(Tag),60,60,50896,24,0.3428,36,0.6572,0,0.0,0,0.0,1.0
hide_seek_prop,躲猫猫/变身道具(Hide Online/Prop Hunt),60,58,50885,18,0.2522,36,0.7325,4,0.0143,0,0.0,0.9847
coop_duo_puzzle,双人合作解谜平台(森林冰火人),60,60,49812,54,0.9177,6,0.0823,0,0.0,0,0.0,1.0
ragdoll_gore_course,布娃娃自残/受伤闯关(Happy Wheels/Short Life),60,60,47355,25,0.1185,27,0.8694,7,0.0054,0,0.0,0.9879
classic_board_card,棋牌/连连看/泡泡龙/麻将(传统休闲),60,60,40257,54,0.9866,5,0.0097,1,0.0037,0,0.0,0.9963
physics_destruction,物理爆破/攻城(高楼爆破/Crush the Castle/星球毁灭),60,58,29073,25,0.6168,29,0.3469,4,0.0234,0,0.0,0.9636
bike_trials,物理越野摩托关卡(Moto X3M),15,15,22948,14,0.9885,1,0.0115,0,0.0,0,0.0,1.0
stickman_swing,荡绳/抓钩过关(Stickman Hook),60,59,22123,49,0.9105,10,0.0872,0,0.0,0,0.0,0.9976
draw_guess_party,你画我猜(skribbl/Draw This),60,60,21491,49,0.6064,11,0.3936,0,0.0,0,0.0,1.0
sandbox_voxel,体素沙盒/多模式(Bloxd/Miniblox/MineFun),40,40,17445,15,0.6444,25,0.3556,0,0.0,0,0.0,1.0
upgrade_drive_zombies,升级载具冲关(Earn to Die),5,5,12671,3,0.9981,2,0.0019,0,0.0,0,0.0,1.0
io_eat_grow,吞噬成长竞技场(agar/slither/hole.io/大鱼吃小鱼),60,59,12146,41,0.6023,16,0.2463,2,0.011,0,0.0,0.8486
endless_runner,三车道无尽跑酷(Subway Surfers/Temple Run),30,30,11179,23,0.5522,7,0.4478,0,0.0,0,0.0,1.0
rhythm_music,音游(FNF/钢琴块),46,46,10664,40,0.9514,6,0.0486,0,0.0,0,0.0,1.0
minigame_collection,双人/多人小游戏合集(MiniBattles/2-3-4 Player),29,29,9461,13,0.2259,14,0.7669,2,0.0072,0,0.0,0.9928
racket_duel,火柴人羽毛球/乒乓/网球对打,19,19,7961,18,1.0,0,0.0,1,0.0,0,0.0,1.0
pool_billiards,台球(8 Ball Pool/彩8对战),7,7,5022,7,1.0,0,0.0,0,0.0,0,0.0,1.0
penalty_freekick,点球/任意球(Penalty Shooters/Free Kick),15,15,4963,15,1.0,0,0.0,0,0.0,0,0.0,1.0
rhythm_auto_runner,节奏自动跑酷(Geometry Dash),10,10,4737,10,1.0,0,0.0,0,0.0,0,0.0,1.0
artillery_turn,回合抛物线对轰(Raft Wars/Worms/弹弹堂式),8,8,2688,2,0.8504,5,0.138,1,0.0115,0,0.0,0.9885
gold_miner_claw,摆钩抓取时机(黄金矿工/Claw),13,13,2294,13,1.0,0,0.0,0,0.0,0,0.0,1.0
mini_golf,迷你高尔夫,11,11,1120,10,0.9884,1,0.0116,0,0.0,0,0.0,1.0
io_territory,圈地/占领(paper.io/Hexanaut/领地之争),11,11,981,8,0.9348,3,0.0652,0,0.0,0,0.0,1.0
head_sports,大头体育对战(Head Soccer/Basketball Stars),6,6,973,6,1.0,0,0.0,0,0.0,0,0.0,1.0
kart_battle,卡丁车道具乱斗(Smash Karts),12,12,764,11,0.8403,1,0.1597,0,0.0,0,0.0,1.0
bomberman,炸弹人迷宫(Q版泡泡堂/Bomb It/Playing With Fire),3,3,500,0,0.0,3,1.0,0,0.0,0,0.0,1.0
parking_traffic_puzzle,停车/交通疏导(Parking Fury/Traffic Jam),4,4,490,4,1.0,0,0.0,0,0.0,0,0.0,1.0
tank_maze_duel,迷宫坦克弹射对战(坦克动荡/Tank Trouble),4,4,472,0,0.0,4,1.0,0,0.0,0,0.0,1.0
fruit_slice,切割手感(切水果/Slice Master),14,14,441,11,0.8118,1,0.0,2,0.1882,0,0.0,0.8118
merge_drop,合成掉落(Suika/2048/合成),17,17,334,14,0.9251,2,0.0599,1,0.015,0,0.0,0.985
helix_stack_tap,超休闲单指反应(Helix Jump/Stack/Flappy),10,10,175,8,0.6286,2,0.3714,0,0.0,0,0.0,1.0
physics_random_duel,随机物理双人对战(Basket/Soccer Random),1,1,39,0,0.0,1,1.0,0,0.0,0,0.0,1.0
