level,genre,top_earning_n,top_earning_zipf_share,top_earning_ccu,earn_per_ccu_index,earn_per_ccu_index_robust,new_12m_in_top_earning,new_12m_median_ccu,all_charts_n,all_charts_ccu,top_playing_ccu
genre_l1,Simulation,189,0.2446,3152000,0.52,0.85,128,3395,318,3527018,2792107
genre_l1,Action,68,0.1378,594016,1.56,1.09,18,2507,94,625100,385824
genre_l1,RPG,46,0.2687,459197,3.93,2.4,12,2213,67,479279,351086
genre_l1,Survival,43,0.0782,927724,0.57,0.66,22,4725,64,1065253,891114
genre_l1,Roleplay & Avatar Sim,29,0.1133,729658,1.04,1.38,3,3361,70,838524,696284
genre_l1,Shooter,26,0.0779,301022,1.74,1.26,11,1477,52,353600,241294
genre_l1,Strategy,26,0.0361,135819,1.78,0.73,10,3374,45,166155,40794
genre_l1,Sports & Racing,16,0.0232,140904,1.11,1.49,5,1272,47,213912,126799
genre_l1,Party & Casual,9,0.0086,76818,0.75,0.94,5,2225,49,186880,111206
genre_l1,Adventure,9,0.0052,62524,0.56,0.35,6,3768,41,120239,0
genre_l1,Obby & Platformer,4,0.0017,54551,0.21,0.29,2,6457,38,153526,75351
genre_l1,(none),2,0.0012,15490,0.52,13.99,2,7745,9,19927,15398
genre_l1,Entertainment,2,0.0008,2635,1.94,4.33,1,201,32,31699,0
genre_l1,Puzzle,1,0.0015,8358,1.24,0.72,1,8358,35,52141,0
genre_l1,Social,1,0.0009,1331,4.6,2.66,1,1331,7,5149,0
genre_l1,Shopping,1,0.0004,56338,0.04,0.02,0,,29,83666,70571
genre_l1,Education,0,0.0,0,,,0,,6,435,0
genre_l2,Tycoon,75,0.1022,2195594,0.31,0.8,58,3976,116,2343032,2034112
genre_l2,Incremental Simulator,72,0.0927,714997,0.87,0.84,55,3390,104,832888,558917
genre_l2,(none),62,0.0773,638627,0.81,0.96,33,3045,189,945102,615650
genre_l2,Battlegrounds & Fighting,43,0.1153,501578,1.54,0.94,14,6722,52,516195,360734
genre_l2,Action RPG,38,0.2599,444699,3.93,1.9,9,4162,56,456804,351086
genre_l2,Vehicle Sim,26,0.0215,115691,1.25,1.31,8,2774,54,142002,43523
genre_l2,Tower Defense,22,0.0335,106237,2.12,0.77,7,3381,30,120416,24141
genre_l2,Open World Action,22,0.0194,90387,1.44,1.64,3,2143,31,100116,25090
genre_l2,Deathmatch Shooter,19,0.0746,277212,1.81,1.29,9,1678,33,321752,241294
genre_l2,Sports,13,0.0219,139361,1.06,1.14,5,1272,37,206295,126799
genre_l2,Life,13,0.0176,443626,0.27,0.51,2,8456,27,504652,443518
genre_l2,1 vs All,9,0.0209,327075,0.43,0.5,3,5161,14,348151,298915
genre_l2,Escape,6,0.0299,197990,1.02,0.43,4,7963,7,203485,181516
genre_l2,Animal Sim,6,0.0092,28792,2.16,1.39,1,238,12,37474,17021
genre_l2,Minigame,6,0.0031,27263,0.77,1.15,3,2225,18,44087,17345
genre_l2,PvE Shooter,6,0.0028,23384,0.81,0.65,1,569,14,27467,0
genre_l2,Turn-based RPG,5,0.0026,6140,2.83,3.37,2,1448,6,9911,0
genre_l2,Exploration,4,0.0027,26962,0.68,0.73,3,2925,11,46206,0
genre_l2,Sandbox,4,0.0027,33387,0.54,2.28,3,448,13,39466,30157
genre_l2,Pet Care,3,0.0768,192265,2.68,1.55,0,,8,192871,186283
genre_l2,Dress Up,3,0.0057,56377,0.68,1.38,0,,8,73202,49462
genre_l2,Racing,3,0.0013,1543,5.59,3.53,0,,9,7607,0
genre_l2,Morph Roleplay,2,0.0012,1206,6.41,4.19,0,,10,22297,0
genre_l2,Music & Audio,2,0.0008,2635,1.94,4.33,1,201,19,11980,0
genre_l2,Escape Room,1,0.0015,8358,1.24,0.72,1,8358,8,18329,0
genre_l2,Physics Sim,1,0.0004,3911,0.77,0.44,0,,6,46880,32838
genre_l2,Idle,1,0.0004,1107,2.67,1.55,0,,2,9440,0
genre_l2,Story,1,0.0004,11027,0.26,0.15,1,11027,14,36678,0
genre_l2,Tower Obby,1,0.0004,41251,0.06,0.04,0,,11,98400,75351
genre_l2,Open World & Survival RPG,1,0.0004,964,2.52,1.45,0,,2,2390,0
genre_l2,Avatar Shopping,1,0.0004,56338,0.04,0.02,0,,29,83666,70571
genre_l2,Board & Card Games,1,0.0003,2401,0.94,0.54,1,2401,5,4181,0
genre_l2,Quiz,0,0.0,0,,,0,,11,6815,0
genre_l2,Word,0,0.0,0,,,0,,10,12514,0
genre_l2,Scavenger Hunt,0,0.0,0,,,0,,6,3802,0
genre_l2,Showcase & Hub,0,0.0,0,,,0,,5,1414,0
