archetype,name,ccu,creator,creator_type,group_members,other_games,other_games_ge_1m_visits,top_other_visits
launch_distance,+1 Stone Skipping,33590,Meow Labs,Group,1518708,0,0,0
launch_distance,[🍂] Kick a Lucky Block,13332,No More Flops,Group,22965577,0,0,0
launch_distance,Kick Ball to Space ⚽,1248,Free Kick by Mook,Group,4127798,0,0,0
launch_distance,Glide Tower,1028,Game Indo,Group,3971007,8,5,22793305
launch_distance,Launch a Lucky Block,537,Lucky Bear Studio,Group,119809,0,0,0
launch_distance,PAPER PLANES!,454,PAPER PLANES!!,Group,531410,0,0,0
launch_distance,[🍀💰] Goal Kick Simulator⚽,224,Dream Simulators,Group,875966,4,2,32437040
launch_distance,Cannon Vs Glass 💥,137,Tycoon Mansion,Group,,0,0,0
launch_distance,🪂 Fly a Glider,125,Dark Lit Games,Group,86654,0,0,0
physics_destruction,[💰] Destroy a Vault,8550,LoopForge Studios,Group,360794,0,0,0
physics_destruction,Smash the City,6263,Kabooom Crew,Group,183849,0,0,0
physics_destruction,[New Car!🛫] Car Crushers 2 - Physics Simulation,2802,Car Crushers Community,Group,8642902,0,0,0
physics_destruction,+1 Superpower Destruction,2457,StudSims,Group,117782,5,0,52444
physics_destruction,[UPDATE] Destroy A Car!,1277,alphagamess,Group,104309,0,0,0
physics_destruction,Build and Crush,741,Unsquared,Group,868807,4,2,273677722
physics_destruction,+1 Superhero Destruction,706,Laser Everything,Group,,0,0,0
penalty_freekick,That Freekick Challenge (TFC),3659,NelStud,Group,,0,0,0
penalty_freekick,Penalty Kicks!,695,Casual Party Games,Group,,1,0,368
penalty_freekick,WPK💥Winning Penalty Kick ⚽ Soccer Football 🏆 Cup,203,GameWater1984,User,,0,0,0
penalty_freekick,[🧤] Goalkeeper Training Center,194,Guardians Community,Group,,2,0,3380
endless_runner,SKI,4707,SKΙ,Group,12198,0,0,0
endless_runner,💀 Run Or Die!,1927,Jew Trade & Clothing LLC,Group,13346,5,5,9532893
endless_runner,[⚡] Hyper Speed Runner,1460,Hyper Speed Community,Group,1309105,0,0,0
endless_runner,Bobsled Ride Down a Mountainside,1132,North Pole Drift Club,Group,1220980,0,0,0
endless_runner,Subway Surfing,607,Feranull,User,,21,2,16199523
