age,registered_users,share
4,284606,0.0025
5,402713,0.00354
6,627562,0.00552
7,1392239,0.01224
8,3364291,0.02958
9,6382849,0.05612
10,9741849,0.08566
11,12485161,0.10978
12,13416590,0.11797
13,11996503,0.10548
14,9337840,0.08211
15,6659286,0.05855
16,5442659,0.04786
17,3935180,0.0346
18,4518930,0.03973
19,2733814,0.02404
20,2228045,0.01959
21,2115138,0.0186
22,1986958,0.01747
23,1854450,0.01631
24,1321309,0.01162
25,735532,0.00647
26,634416,0.00558
27,579555,0.0051
28,535811,0.00471
29,489285,0.0043
30,443653,0.0039
31,426934,0.00375
32,441683,0.00388
33,511792,0.0045
34,380143,0.00334
35,363532,0.0032
36,359803,0.00316
37,351597,0.00309
38,342882,0.00301
39,337525,0.00297
40,330702,0.00291
41,325028,0.00286
42,310030,0.00273
43,294687,0.00259
44,277307,0.00244
45,256322,0.00225
46,243359,0.00214
47,224399,0.00197
48,206630,0.00182
49,193733,0.0017
50,166401,0.00146
51,152605,0.00134
52,146443,0.00129
53,144895,0.00127
54,134573,0.00118
55,109352,0.00096
56,91702,0.00081
57,82777,0.00073
58,74096,0.00065
59,68306,0.0006
60,61278,0.00054
61,55923,0.00049
62,52313,0.00046
63,48710,0.00043
64,44974,0.0004
65,41347,0.00036
66,37455,0.00033
67,34094,0.0003
68,31411,0.00028
69,30979,0.00027
70,28049,0.00025
71,27390,0.00024
72,27142,0.00024
73,28827,0.00025
74,26824,0.00024
75,24355,0.00021
76,23949,0.00021
77,25026,0.00022
78,31876,0.00028
79,30768,0.00027
80,19059,0.00017
