archetype,query,n,sum_views,top1_views,median_views,sum_loves,top_title
physics_random_duel,basket random,40,87158,41804,135,393,BASKET RANDOM
physics_random_duel,soccer random,40,11923,3357,22,110,1 Player Head Soccer + random
physics_random_duel,getaway shootout,40,15338,4769,32,150,Getaway shootout 2
head_sports,head soccer,40,1861493,1196440,4746,11426,Head Soccer!
head_sports,basketball legends,40,21704,5285,159,207,basketball legends
coop_duo_puzzle,fireboy and watergirl,40,592790,120928,3268,5382,Fireboy and Watergirl
coop_duo_puzzle,2 player platformer,40,962470,347363,4949,14724,2 Player Platformer
bike_trials,moto x3m,40,101590,20093,845,591,Moto X3M
bike_trials,hill climb racing,40,10400217,6760715,15062,122239,Hill Climb Racing v1.0
ragdoll_gore_course,happy wheels,40,819783,244346,3607,3364,Happy Wheels
ragdoll_gore_course,ragdoll,40,1984862,560811,22772,49119,Ragdoll Physics v5.1
troll_platformer,level devil,40,659183,565799,586,13660,Level Devil - NOT A Troll Game
troll_platformer,getting over it,40,28791882,22435316,39531,333863,Getting Over It v1.4
precision_platformer,platformer,40,43812863,6873614,641544,1108459,Massive Multiplayer Platformer v1.3
precision_platformer,parkour,40,7350718,1668059,82477,112678,Extreme Ninja Parkour Master!
rhythm_auto_runner,geometry dash,40,22044811,2648628,319963,104517,Geometry Dash HACKED
rhythm_auto_runner,geometry dash wave,40,6478910,1219481,79658,26265,Geometry Dash Wave
endless_runner,subway surfers,40,3050101,1361665,10433,39585,Subway Surfers - Mobile Friendly
endless_runner,slope,40,2144301,756882,11958,13960,Slope Game! v2.1 ! #unblocked
stickman_swing,stickman hook,40,1815457,1597639,1987,46039,Stickman Hook - Mobile Friendly
stickman_swing,grappling hook,40,297120,84526,1167,6962,Platformer Engine w/ Grappling Hook
io_eat_grow,agar.io,40,2913761,1259473,17137,53449,Agar.io v1.1d
io_eat_grow,slither.io,40,8261010,5638380,21240,138587,slither.io v1.13 (#1)
io_eat_grow,hole.io,40,412414,161507,1968,10633,Scratch Hole.io
io_territory,paper.io,40,1276110,362803,2819,39756,Paper.io test
io_territory,territory,40,97846,26330,783,7478,Make warrior cat territory(or garden)
kart_battle,smash karts,40,45573,10027,292,386,20 Smash Karts Screenshots
kart_battle,mario kart,40,7465937,2582961,46408,108196,Super Mario Kart v0.3
tank_maze_duel,tank trouble,40,1247404,744967,2673,6001,Tank Trouble Version 2
tank_maze_duel,tank game,40,822810,428162,4812,14163,Multiplayer Tank Game IV
bomberman,bomberman,40,1444990,1304975,1777,38305,Bomberman v1.0
tower_defense,tower defense,40,9476285,1194413,155590,216608,Tower Defense Game
tower_defense,plants vs zombies,40,3215173,537213,33522,47190,plants vs zombies
gold_miner_claw,gold miner,40,30296,13124,240,603,Gold Miner 
gold_miner_claw,claw machine,40,653695,187317,3179,22067,The Claw Machine
fishing_timing,fishing game,40,522973,290201,1774,5407,魚釣りゲーム//Fishing Game
launch_distance,learn to fly,40,169049,28935,991,2475,Learn to Fly (T.I.F. Edition) v0.4
launch_distance,burrito bison,40,17718,7057,59,141,Play Burrito Bison Revenge Advertisment
train_and_race,duck life,40,480627,67073,2520,10127,Duck Life (Platformer)  #Games #Trending
time_mgmt_cooking,papa's pizzeria,40,36508,20352,94,1764,The cat cafe (new and improved (maybe?))
time_mgmt_cooking,cooking,40,1615292,213653,20588,64860,Cater Cooking! | The Official Game
idle_clicker,clicker,40,65009707,8636049,640883,589182,Roblox Clicker
idle_clicker,idle game,40,84286,20515,491,3374,Pong simulator ( IDLE GAME )
merge_drop,suika,40,7605377,2724864,10463,38639,Suika Game / スイカゲーム
merge_drop,2048,40,1954032,232375,20199,29440,2048
classic_board_card,chess,40,3822938,1063663,42638,92936,Chess AI
classic_board_card,bubble shooter,40,108232,61362,291,1377,Bubble Shooter
fruit_slice,fruit ninja,40,2309427,979869,12350,42111,Fruit Ninja
fruit_slice,slice master,40,45463,16033,164,345,Slice Master! [Ver. 1]
physics_destruction,angry birds,40,1952253,297668,27502,36868,Angry Birds V.1
physics_destruction,destruction,40,370730,134305,4598,7537,Shin Godzilla Rampage
draw_guess_party,draw and guess,40,2554,1285,9,75,Draw and guess (2 player)
hide_seek_prop,hide and seek,40,3907968,1502766,7786,108715,Hide and Seek
tag_arena,tag game,40,54897,9399,404,1062,2 Player Tag Game
car_stunt_drift,racing game,40,2816639,931583,15105,55955,Nitro Racing - Car Racing Game
parking_traffic_puzzle,parking,40,5423153,2469821,27086,66908,Car Parking Challenge
pool_billiards,8 ball pool,40,681687,399689,930,7993,8 Ball Pool
mini_golf,mini golf,40,2238747,720961,6271,55027,Mini Golf Online!     #StratfordJames
penalty_freekick,penalty kick,40,59410,10442,494,1044,Penalty kick
racket_duel,badminton,40,375248,83152,1486,4033,Ex badminton
racket_duel,pong,40,9352137,3375618,82345,110500,Pong Starter
stickman_brawler,stickman fight,40,495917,53183,5949,9257,Stickfight
stickman_brawler,street fighter,40,797662,219080,7513,10179,Street Fighter v1.3.8
stealth_heist,bob the robber,40,42288,17664,295,394,Bob the Robber Remix
upgrade_drive_zombies,earn to die,40,39841,9421,160,268,Earn to die 
artillery_turn,raft wars,40,134550,57972,129,3013,Scratch Boat Brawls
artillery_turn,worms,40,157441,39059,1127,9476,Super Mario Galaxy Worms 2
dress_up_makeover,dress up,40,15785431,2498826,225674,265982,~Gacha Life Dress Up~
minigame_collection,minigames,40,512106,47631,6213,17902,Summer Soda: Carnival Minigames // #games
rhythm_music,friday night funkin,40,7932798,1609352,82736,75828,Boyfriend Complete Trace - Friday Night Funkin'
helix_stack_tap,flappy bird,40,15073606,5937490,130684,155215,Flappy Bird!
helix_stack_tap,doodle jump,40,719215,260231,3964,14593,Doodle Jump!
